,Date,Temp_Mean,Temp_Min,Temp_Max,Dewpoint_Mean,Dewpoint_Min,Dewpoint_Max,U_Wind_Mean,V_Wind_Mean,Precipitation_Sum,Snowfall_Sum,SnowCover_Mean
0,2023-06-03,1.8602802623636363,-1.513861084,7.199731445,-3.348663885,-4.69750061,-2.448126221,0.025053544454545454,-0.6577259409999999,0.004557,0.0,99.97265625
1,2023-06-04,3.9927396138333333,-3.258566284,9.100579834,-1.90520261125,-5.135534668,0.460702515,-0.18090852095833332,-0.5052978992916667,0.024096402,0.0,99.97265625
2,2023-06-05,4.794523493333333,-4.962713623,10.03144226,-3.781657282416667,-6.197546387,-1.211889648,-0.145114262875,-0.4981832901666667,0.0115796166,1.166e-06,99.97265625
3,2023-06-06,6.304390207916666,0.213861084,11.14949951,-4.670614623875,-6.253607178,-1.456350708,0.018054326333333332,-0.47862307225,0.008913719,5.22e-08,99.97265625
4,2023-06-07,7.003922399874999,1.433999634,12.09221802,-3.9657634735833334,-6.164572144,-0.884039307,0.08370145654166666,-0.516597741375,0.0086495,0.0,99.97265625
5,2023-06-08,8.934241866791666,3.045602417,13.70795593,-1.6712281544999998,-5.07980957,0.678872681,-0.23853810633333336,-0.7141621907916668,0.0050602,0.0,99.97265625
6,2023-06-09,10.623484547458334,4.505181885,16.07261047,-1.6944539388333333,-4.453115845,0.334970093,-0.19194857279166666,-0.6196820735416667,0.0039260200000000006,0.0,99.97265625
7,2023-06-10,10.46279741975,2.484307861,15.92044983,-0.51614990225,-4.679403687,1.130807495,-0.068025589,-0.2475547392916667,0.00698539,0.0,99.97265625
8,2023-06-11,9.91008211775,1.232751465,14.94382629,0.9619562783333334,-2.602651978,3.152734375,-0.026981830666666668,-0.2440192699583333,0.01263144,0.0,99.97265625
9,2023-06-12,9.560289637041667,4.230523682,14.29741821,3.2352411906666667,-2.129446411,6.290628052,-0.07886568704166667,-0.09760836758333331,0.042494397,0.0,99.97265625
10,2023-06-13,8.566977437125,0.489266968,13.67901001,5.3145233154166664,0.019296265,9.022943115,-0.009337107333333334,-0.09213574725,0.080035966,2.0886e-05,99.97265625
11,2023-06-14,7.708752568875,-0.479330444,13.30285034,5.704110717624999,-0.866339111,10.13559875,0.11105219520833333,-0.15067935004166666,0.103967778,2.446e-05,99.97265625
12,2023-06-15,8.525868987875,2.059716797,12.71898804,4.842762247791667,1.733132935,6.860635376,0.07869084679166667,-0.20601765320833332,0.044310998,7.08e-07,84.94425455916667
13,2023-06-16,9.439216868083333,1.959268188,14.10978088,5.1578231812499995,1.219125366,8.304421997,-0.0876903535,-0.161697506875,0.026983048,2.48e-06,58.6599934925
14,2023-06-17,10.680852508500001,4.521691895,15.45014343,2.4346087137916665,0.672616577,3.952416992,0.005315780708333333,-0.29362785804166663,0.031664863,1.08e-07,41.98339843958333
15,2023-06-18,11.521092350875,4.126641846,16.99651489,0.9276926675833334,-2.24223938,3.282128906,0.053447723375000006,-0.28355145462500003,0.017437054,0.0,34.246582033749995
16,2023-06-19,12.490164058083332,5.163552856,18.19812927,0.6181255341249999,-2.527960205,2.780862427,0.024108250874999997,-0.43066334725000005,0.006630401,0.0,31.074951175
17,2023-06-20,13.430550511458334,4.504434204,19.05675659,-0.5727453867916666,-3.193441772,3.077767944,0.04245797791666666,-0.48127686975,0.00054993,0.0,29.934814455416667
18,2023-06-21,14.466755168166666,6.608483887,19.94132385,2.1696754455,-3.704489136,4.312203979,-0.009953816750000002,-0.23539102066666664,0.0012984,0.0,29.565266928750003
19,2023-06-22,16.035056051208333,8.33727417,21.63996277,3.6437774658333333,1.01217041,6.077600098,0.014383316000000002,-0.2611740429583333,0.002477,0.0,29.45662435125
20,2023-06-23,16.256910579375,9.600961304,21.9309021,6.041262563041666,2.305093384,9.619439697,0.15171559658333333,-0.02876432737500001,0.0042922,0.0,29.42797851916667
21,2023-06-24,15.414943314291667,7.563562012,20.98891602,5.79256528225,1.634439087,9.365579224,0.29806772862500003,0.11273630458333335,0.00426544,0.0,25.48014323166667
22,2023-06-25,14.486777877583334,6.523568726,20.05939636,7.685144042958334,2.191384888,11.7368103,0.3742618560416667,0.33839225775000004,0.01247964,0.0,13.871093751875
23,2023-06-26,12.011107381166667,7.408746338,16.34723816,9.7079298655,7.293649292,12.83661804,0.32648976641666666,0.2831821441666667,0.055595437,0.0,5.933675130208333
24,2023-06-27,11.764061228083333,7.194436646,16.20113525,7.689653015166667,6.251748657,8.705484009,0.053019841374999994,0.16473200779166666,0.070607708,0.0,2.5572102864583335
25,2023-06-28,11.71624463375,6.935388184,15.82024536,8.08577880875,6.544396973,9.924966431,0.03845405575,0.22952703633333335,0.088443104,0.0,1.0343424479166667
26,2023-06-29,11.599700546916667,5.920220947,16.50768433,5.940845743833333,2.782296753,9.335961914,0.22831420095833332,0.22218132016666667,0.043169419,0.0,0.3795572916666667
27,2023-06-30,10.470850245125,4.846765137,15.27796326,7.836237208166666,4.717980957,11.90781555,0.03949248787499999,0.23717598112500002,0.100620461,0.0,0.13818359375
28,2023-07-01,9.883332824125,3.3006073,14.87403259,7.616162872375,3.07328186,11.21408997,-0.08258565270833333,-0.09311679999999999,0.06466734,0.0,0.049479166666666664
29,2023-07-02,13.871256129708334,2.728921509,19.72365723,3.2890735626249996,1.176400757,7.695489502,0.12558873491666667,-0.1793950399166667,0.010908619,1.6263e-05,0.019775390625
30,2023-07-03,13.636354065541667,8.143273926,18.73423157,5.581678009041667,1.523477173,8.230722046,0.11322784420833333,-0.04644314445833333,0.020991711,6.85e-07,0.006022135416666667
31,2023-07-04,10.982981619041666,4.473733521,16.64516602,7.669447835666666,4.271707153,12.19718323,0.012294769208333334,0.05297485979166668,0.121912458,0.0,0.001953125
32,2023-07-05,10.204720433124999,3.918618774,15.06629333,8.82720845575,3.692041016,13.79018555,0.031026840250000003,0.32077598575,0.140105787,0.0,0.00048828125
33,2023-07-06,10.149608230208333,7.256677246,13.32480774,8.158332443583333,6.105157471,12.44918213,0.08772544070833332,0.4149176279583333,0.147937222,0.0,0.0
34,2023-07-07,8.429028447375,5.953347778,12.56937561,5.9291988372916675,4.615213013,8.811608887,-0.153505166375,0.115325291875,0.148908118,0.0,0.0
35,2023-07-08,9.359515126166666,5.541955566,13.69103394,6.412493642166667,4.538308716,9.157144165,0.08452733362499999,0.12083117175000001,0.11851292000000001,0.0,0.0
36,2023-07-09,9.302938715541666,4.503381348,13.4928833,6.433797454708333,4.014031982,10.72245178,0.09589131666666667,0.0044326781250000015,0.105212322,0.0,0.0
37,2023-07-10,9.438612874333334,3.123681641,14.53331909,6.562057749125,2.882943726,10.08445129,0.017735799083333333,-0.03710925583333333,0.113361827,0.0,0.0
38,2023-07-11,12.754891333583332,2.932244873,18.69179688,3.108159001666667,0.390679932,6.967324829,-0.06556955970833334,-0.21196619679166664,0.010732703,2.829e-06,0.0
39,2023-07-12,15.490167237125,8.042352295,20.71679077,1.4294601440416665,-0.041418457,4.719644165,-0.3386713664166667,-0.5071773131666667,0.00196967,1.23e-07,0.0
40,2023-07-13,16.047965621,9.834573364,21.59977112,4.896548207625,-1.074468994,9.172402954,-0.20570246383333335,-0.153586546625,0.0051565000000000005,0.0,0.0
41,2023-07-14,15.037121073249999,8.662667847,20.76712952,8.456899897041668,4.129586792,12.29755554,0.03338623041666666,0.08808290958333333,0.019390422,0.0,0.0
42,2023-07-15,14.8954502105,8.485238647,18.83899841,9.930041884333333,7.419519043,11.76923523,0.07695515945833334,0.36858602358333337,0.011808382,0.0,0.0
43,2023-07-16,13.88491910375,10.02494202,17.13315735,11.368873215041667,8.683679199,13.99846802,0.03069305420833333,0.35110008725,0.08664582,0.0,0.0
44,2023-07-17,14.271839395999999,9.693048096,18.03283081,9.638458506625,8.306329346,10.50441895,0.11272621158333333,0.11248958104166666,0.042721666,0.0,0.0
45,2023-07-18,15.872294360833335,9.455514526,20.489328,10.575815453916666,7.434457397,12.12073669,0.06327501933333333,0.12510216233333335,0.016185587,0.0,0.0
46,2023-07-19,15.483201599583333,11.14850769,20.18055115,12.141896820416667,10.45118103,14.49294434,-0.07003847758333333,0.18157589441666666,0.1324133,0.0,0.0
47,2023-07-20,14.323099390416667,10.93387756,17.54671631,12.866662596666666,10.60263977,14.89039001,-0.09045982366666666,0.25286082425,0.153101248,0.0,0.0
48,2023-07-21,13.973752592916666,10.61379395,18.03852234,11.913210805,10.41488037,14.66130981,-0.004995425583333332,0.284931262375,0.182139553,0.0,0.0
49,2023-07-22,13.671795144999999,10.65378723,17.79378662,11.10799687625,9.326837158,13.90337524,-0.010155995708333332,0.3184484640833333,0.135894705,0.0,0.0
50,2023-07-23,13.046508406958333,9.715493774,16.35946045,11.881726837083333,9.192300415,14.53136597,-0.006179173791666666,0.3435036738333333,0.090789368,0.0,0.0
51,2023-07-24,12.5689553575,8.592233276,16.59943542,10.840931193374999,8.48999939,14.46199951,-0.10728200270833334,0.05721398195833333,0.089670351,0.0,0.0
52,2023-07-25,12.900079981833334,8.30350647,17.85564575,10.938291804208333,8.065591431,14.81427917,-0.11801973983333332,0.02809834483333334,0.145879915,0.0,0.0
53,2023-07-26,13.423535284416666,8.193063354,17.45896301,11.485814667625,8.004129028,15.12207947,0.010628382416666667,0.12885646029166667,0.086880199,0.0,0.0
54,2023-07-27,13.509473419625001,9.047067261,17.81063232,11.744186655916666,8.924707031,16.00022278,0.04654868437500001,0.2835998932083333,0.130596342,0.0,0.0
55,2023-07-28,11.992577490083333,8.965493774,15.79082642,10.490961329166668,8.269448853,13.41147766,-0.04842631029166667,0.18245530137500002,0.121355863,0.0,0.0
56,2023-07-29,10.868380482333334,5.267251587,14.5755249,9.314971542124999,4.921395874,12.25960693,-0.14096450800000002,0.100464860625,0.092637917,0.0,0.0
57,2023-07-30,11.288239415458333,4.614694214,16.73171387,8.811118062333334,4.159188843,13.33406982,-0.12335522966666668,-0.1276654005,0.122274366,0.0,0.0
58,2023-07-31,11.910444515125,5.19664917,17.84972534,8.831374740875,4.829736328,12.24898682,-0.035361607875,-0.15118408208333334,0.090392606,0.0,0.0
59,2023-08-01,14.050507482916666,5.251275635,19.17272339,8.627305603291667,4.86449585,11.74343262,-0.08801143204166666,-0.12294133504166667,0.027878253,0.0,0.0
60,2023-08-02,14.413486735,10.46489868,18.8951355,9.017083740791668,5.141488647,11.47088013,0.12005106608333334,0.13923172154166666,0.043722596,0.0,0.0
61,2023-08-03,14.471024448666666,8.01734314,18.81260071,8.348417536416667,5.95194397,9.881417847,-0.027263005583333336,-0.05604934691666666,0.019275272,0.0,0.0
62,2023-08-04,13.820302581583334,7.697595215,17.91588745,9.449420547916667,7.29770813,10.31641541,0.07594362895833333,0.014893213916666656,0.031846506999999996,0.0,0.0
63,2023-08-05,13.330709075666666,9.126397705,18.42302856,10.605528767166666,8.673120117,14.12307129,0.013860363125000002,0.053871750833333336,0.169901843,0.0,0.0
64,2023-08-06,13.296726481291666,9.921624756,17.85100708,11.134620921375001,7.814401245,17.04708252,0.14884694416666666,0.40421891225,0.12313001,0.0,0.0
65,2023-08-07,10.518216069708334,3.846047974,14.82802734,8.643800988916666,3.60151062,11.86997375,0.092908422125,0.08722484108333334,0.095470138,0.0,0.0
66,2023-08-08,12.773823039041666,3.016030884,18.87246094,6.495927429208333,2.587686157,8.742425537,0.023752848375000007,-0.005105415875000001,0.00851553,2.438e-05,0.0035807291666666665
67,2023-08-09,14.113117472874999,8.859872437,19.26500854,7.8990741729166665,3.5609375,10.2463623,0.09622637433333332,0.16045276325,0.0058123,1.06e-06,0.0005696614583333334
68,2023-08-10,13.571885682208332,9.636834717,18.02648315,9.099514897708334,6.728051758,10.84836731,0.14953676858333334,0.09586262708333333,0.027473348,0.0,0.0
69,2023-08-11,12.691508228541666,6.828851318,17.11251221,10.298132832583333,5.476327515,14.31577454,0.12872250870833332,0.012321631125000015,0.037246427,0.0,0.0
70,2023-08-12,14.310895538666665,7.089852905,19.22942505,8.46435826625,3.16678772,12.27440796,0.2312386830833333,0.2543346882083333,0.013348814,0.0,0.0
71,2023-08-13,14.911105727708334,9.499154663,20.27860413,8.019937770416666,1.673638916,11.49985657,0.22794473175,0.43599828083333336,0.00727426,0.0,0.0
72,2023-08-14,12.368828074875,9.075708008,16.45978699,9.160438155666666,7.046365356,11.28106079,0.34128952025,0.3620008229166667,0.066462917,0.0,0.0
73,2023-08-15,12.850312169625,7.450128174,17.01308594,6.57445042925,4.049874878,8.609140015,0.06726074208333334,0.25598581633333334,0.019992331,0.0,0.0
74,2023-08-16,12.102625782791668,7.553475952,16.67070923,6.759694035916667,4.707772827,8.394815063,0.15870666504166667,0.18836593616666666,0.014712746,0.0,0.0
75,2023-08-17,11.522929127749999,5.537805176,16.23247681,7.480903244083334,5.283517456,9.330285645,0.15786616008333335,-0.012655258250000015,0.029867863,0.0,0.0
76,2023-08-18,12.081994628624999,4.665231323,16.62334595,7.428268051166667,4.387521362,8.382821655,0.08768653870833333,0.05801455179166667,0.033328929,0.0,0.0
77,2023-08-19,13.296884790708333,8.294274902,17.33924255,7.1211747487083334,6.562219238,8.27276001,0.030079523708333337,0.2831930716666667,0.009854495999999999,0.0,0.0
78,2023-08-20,14.244786198833333,8.256936646,19.28803406,7.049365615791667,4.403756714,8.97121582,0.047765731708333335,0.194391965875,0.003493,0.0,0.0
79,2023-08-21,15.180429077791667,8.779580688,20.13125,8.800526555125,6.036676025,10.74680481,0.1500409445,0.24855562045833335,0.00381183,0.0,0.0
80,2023-08-22,14.864748890833333,10.47400818,19.44188843,10.061369831833334,8.190408325,11.75220642,0.28539784745833335,0.30396080016666666,0.024478258,0.0,0.0
81,2023-08-23,13.418216324208332,8.760675049,17.55481873,9.855207697166668,8.400323486,10.98987732,0.3953323364166667,0.29598108933333334,0.060183599,0.0,0.0
82,2023-08-24,11.212009684083334,7.620584106,15.90558777,9.109369532208333,7.254632568,12.08188782,-0.02948188783333333,0.199135975875,0.14251914799999998,0.0,0.0
83,2023-08-25,9.974719618958334,6.56434021,13.89368591,7.910463587333333,6.399224854,11.06850586,-0.04564095333333334,0.291927417125,0.136794174,0.0,0.0
84,2023-08-26,9.10148836725,4.411782837,13.43648682,6.859026845291667,4.174203491,9.959283447,0.150342305625,0.23617577545833335,0.070907372,0.0,0.0
85,2023-08-27,8.386164601541667,2.524819946,13.02332458,6.342104848083333,2.200296021,10.10750732,0.21326764425,0.14175160725,0.054997263,0.00016778,0.030354817708333332
86,2023-08-28,8.721960957916666,3.580926514,13.97052917,3.554160690291667,1.363839722,5.637506104,0.19393793745833332,0.14091241350000003,0.015797402,7.36e-06,0.011067708333333334
87,2023-08-29,10.250108338166667,4.5243927,15.03336487,3.082073465958333,1.445458984,5.301080322,-0.020636240625,-0.03504308062500001,0.00399942,0.0,0.003662109375
88,2023-08-30,12.248742040208334,5.51343689,17.32497559,3.9044586180833334,0.977471924,5.060327148,-0.022529800625000002,-0.09253386654166666,0.004074100000000001,0.0,0.0005696614583333334
89,2023-08-31,13.041941578666666,7.229989624,18.67139587,6.032735443083333,3.48053894,8.698114014,0.17042922966666665,0.05898563070833333,0.0077511,0.0,0.0
90,2023-09-01,12.393226877624999,7.474328613,17.7794281,6.042833582499999,3.80111084,7.113061523,0.194533030125,0.077741146,0.024797806,0.0,0.0
91,2023-09-02,10.836915589124999,6.794854736,15.75710449,6.410930252,5.161096191,7.853326416,0.16102536516666666,0.01774017004166667,0.051129634,0.0,0.0
92,2023-09-03,9.886390940291667,4.248010254,15.04317627,7.17171630875,3.967889404,10.4657074,0.055907567374999995,0.05831082666666667,0.025954013,0.0,0.0
93,2023-09-04,8.861992137041666,3.58210144,14.38327942,6.4289082845416665,3.339776611,9.696633911,0.235472996875,-0.026614705666666655,0.024936676,0.0,0.0
94,2023-09-05,9.011426544291668,3.225808716,14.03266296,4.978708521541667,2.924203491,6.334146118,0.06561024991666667,-0.01192029308333333,0.021329412,0.0,0.0
95,2023-09-06,9.035085932625,5.006066895,12.92778931,4.328143056208334,3.512994385,5.151254272,-0.05269304908333333,0.04906646412500001,0.055975115,0.0,0.0
96,2023-09-07,9.513999557583334,3.121240234,13.551828,5.629772440499999,2.814981079,8.07605896,-0.015669504750000004,-0.011586268708333342,0.021065224,0.0,0.0
97,2023-09-08,10.073566055291666,1.844354248,15.63837585,4.541298802541667,1.650720215,6.181176758,0.17851066595833334,-0.107686996375,0.011456289,2.479e-06,0.000244140625
98,2023-09-09,11.824034626875,5.488381958,17.63250122,2.8476692199583336,0.6806427,5.882165527,0.13029543558333334,-0.033555587041666675,0.0029491,1.08e-07,0.0
99,2023-09-10,13.034834162458333,6.308480835,19.05768738,3.4674233754999997,-0.775473022,7.283761597,0.1311887105,0.013985673624999986,0.00049434,0.0,0.0
100,2023-09-11,14.834272003041667,7.985116577,21.00170288,3.0661248525833336,-2.108236694,6.503701782,0.05731328333333333,-0.056291580125,0.000121586,0.0,0.0
101,2023-09-12,14.434387461541666,8.761987305,20.21465454,5.445043818083334,-2.661154175,10.16187439,0.1811180114583333,0.1530392965,0.000333636,0.0,0.0
102,2023-09-13,14.045629120500001,7.461724854,19.18197021,6.341158803333333,0.218621826,9.241708374,0.25227673850000004,0.24988627433333332,0.00132096,0.0,0.0
103,2023-09-14,12.686779913041667,7.901116943,16.87812195,8.885746892375,7.367211914,10.47382507,0.21806780495833333,0.16933313991666665,0.028252129,0.0,0.0
104,2023-09-15,11.702902094583335,7.98343811,15.80411682,9.509049987958333,7.753030396,11.76203308,0.210067749,0.20092809195833336,0.029001226,0.0,0.0
105,2023-09-16,11.628954188249999,7.79354248,15.66910706,7.675215657541667,4.929177856,9.158197021,0.044774373375,0.20021438595833332,0.027651424,0.0,0.0
106,2023-09-17,10.520850118166667,5.713220215,14.92029724,6.263195292208334,4.696603394,7.086190796,0.15909067779166666,0.19397735591666665,0.028375503,0.0,0.0
107,2023-09-18,9.262242253291666,4.561807251,14.17327271,6.964003499291667,4.347894287,8.83878479,0.090326507875,0.026718139666666665,0.030360902,0.0,0.0
108,2023-09-19,10.145083363541668,5.253701782,14.8612915,4.937066650458333,3.15116272,5.947229004,0.1289253235,0.07774543762500002,0.020946846,0.0,0.0
109,2023-09-20,9.735631561541666,5.879403687,13.87108765,4.746175384458334,3.367990112,5.844430542,0.19290033983333332,0.20548884070833331,0.047301762,0.0,0.0
110,2023-09-21,8.935077922083334,5.834573364,12.74408875,4.263553237833333,2.720437622,5.625466919,0.2620461782083333,0.29133927816666666,0.041730453,0.0,0.0
111,2023-09-22,7.592036819166666,3.102105713,11.23574219,3.400349553416667,2.145532227,4.504388428,0.2790559132916666,0.17301404483333335,0.049735256,0.0,0.0
112,2023-09-23,6.548116303041667,0.540429688,11.53586731,2.1369211833333335,0.204324341,3.510552979,-0.014705022208333328,0.07608366012500001,0.0374664,0.001803172,0.19099934895833334
113,2023-09-24,4.4478488922083335,-0.102102661,9.237374878,2.2232668559166666,-0.821600342,5.216149902,-0.08843612679166668,-0.067625721375,0.0877669,0.044769752,16.748209637083335
114,2023-09-25,2.6668703715,-2.475668335,7.008828735,0.501758193875,-2.963446045,3.35201416,-0.030040740999999996,-0.27863446875000003,0.036027667,0.008568454999999999,16.1215820325
115,2023-09-26,3.8986094156666664,-3.509680176,9.343637085,-2.7594315845416664,-4.345648193,0.866082764,-0.017604191999999998,-0.40614108245833336,0.017808938,0.000361946,9.235188803333333
116,2023-09-27,4.830993906208334,-1.235952759,10.36419067,-1.7055082956666665,-4.076025391,-0.528677368,-0.08749707533333334,-0.3764020205833334,0.011756999,3.5289999999999996e-05,4.691650390625
117,2023-09-28,4.251020050041666,-1.430044556,9.88477478,0.002881622374999985,-2.821234131,2.479302979,-0.116927464875,-0.1309939225,0.0810019762,0.0265967409,7.730305990833333
118,2023-09-29,0.26184425354166674,-6.397344971,3.800469971,-1.2616803487916668,-7.449209595,1.69324646,-0.27099080875,-0.24874174604166666,0.296795681,0.243735189,65.0216471375
119,2023-09-30,-2.246590042083333,-10.31950989,4.710916138,-5.157067362458333,-12.41956177,-1.355490112,0.017456054625,-0.7793930769583334,0.036337558,0.020685033,90.8663737
120,2023-10-01,-0.3566783905,-12.79250183,8.030526733,-8.421919886166668,-14.69653931,-2.947943115,0.06410217079166668,-0.7730235655416666,0.0010311600000000001,0.0002684,71.36360677333333
121,2023-10-02,0.640564855,-6.693502808,6.466455078,-4.417800649041666,-9.631140137,-1.044577026,0.2016830445,-0.4255132675416667,0.0122889,0.00196153,47.134440106666666
122,2023-10-03,1.2699879964583334,-7.462774658,8.371942139,-4.233044052166666,-8.823187256,-0.407827759,-0.02018356325,-0.6339337825833333,0.00674551,0.00019012,27.33260091375
123,2023-10-04,3.6357875825833332,-4.630361938,10.49596558,-5.681770706166667,-8.165960693,-3.080664062,-0.06836255379166667,-0.6788790623333334,0.000506783,4.01e-06,14.637613935
124,2023-10-05,4.78607139625,-3.417120361,11.33774719,-4.8282404581666665,-8.315374756,-2.658087158,-0.23477363583333333,-0.6722354888750001,1.6602e-05,0.0,7.346028646666667
125,2023-10-06,5.649691518166667,-1.360067749,11.54125366,-0.6178662618333334,-5.972265625,1.694390869,0.07524271808333334,-0.15015983575,0.029286615000000002,0.00011700999999999999,3.4752604166666665
126,2023-10-07,5.1267276766666665,0.007073975,10.03818665,0.871404266375,-1.921865845,3.649255371,0.12279832366666667,-0.06724214545833333,0.029302197,0.0009468289999999999,1.8361002604166667
127,2023-10-08,4.101715978041667,-2.199118042,8.947671509,-0.9452785492499999,-3.144430542,1.163140869,-0.17238934825,-0.24049313858333332,0.025294896,0.002237158,1.5506998697916667
128,2023-10-09,1.864525095625,-2.466925049,5.626168823,-0.6708829245,-3.096853638,1.331170654,-0.03121058141666667,-0.19890658070833334,0.084043938,0.053119226,14.132242840624999
129,2023-10-10,2.4161843617916667,-5.185049438,9.396569824,-4.445227686541666,-7.684866333,0.448358154,-0.11936442058333334,-0.5950101217083333,0.005038613999999999,0.002977888,11.304280600625
130,2023-10-11,3.31123123175,-4.353933716,10.53136597,-6.760453287833333,-8.83939209,-3.784811401,-0.30451703075,-0.683496103875,1.38e-05,3.54e-07,5.467854817708333
131,2023-10-12,4.741667684208333,-3.056509399,11.54735718,-6.107675297875001,-9.007040405,-3.159735107,-0.17608873045833331,-0.6382726032916667,0.00010262,0.0,2.529052734375
132,2023-10-13,3.9892014821666666,-0.515966797,9.808786011,-1.1652606964583334,-7.418218994,1.977166748,0.09506988533333334,0.10417238866666667,0.066212253,0.038349047,10.001708984999999
133,2023-10-14,-0.0083526611666667,-8.02902832,4.023934937,-1.4937779744166668,-9.237524414,1.78989563,-0.043244679791666664,-0.24990399675,0.084578032,0.062240684000000004,54.34073893458333
134,2023-10-15,-1.4394420624166668,-8.637838745,3.772363281,-3.820945485458333,-9.884786987,-1.446676636,-0.14265503754166667,-0.49638775991666667,0.058066984,0.038698417,49.60815429875
135,2023-10-16,-1.9972417195,-4.36546936,-0.336325073,-3.1313760121249996,-5.528860474,-1.486990356,-0.24001888429166665,-0.2971992492916667,0.194709951,0.193076446,97.90706380249999
136,2023-10-17,-4.593234125875,-13.00850525,-1.059378052,-5.952818933833334,-14.66318359,-2.614630127,-0.17977968858333335,-0.5410716135833333,0.208264139,0.207986968,99.97265625
137,2023-10-18,-7.240793609791666,-16.73439636,0.546731567,-10.685481134791667,-19.09160461,-5.963476562,-0.02484067275,-0.9215984344583333,0.010515655,0.010458298,99.97265625
138,2023-10-19,-8.415326182208334,-18.05036011,-0.180319214,-13.655231856374998,-20.1897644,-6.361593628,0.021088918083333335,-0.9553715388333334,0.000107227,9.727700000000001e-05,99.97265625
139,2023-10-20,-6.332381312041666,-11.27979126,0.672662354,-14.880798721625,-18.38141479,-8.392126465,0.052595138625,-0.9015343985,2.7466e-05,4.31e-06,99.97265625
140,2023-10-21,-5.295542144833333,-10.22899475,0.605523682,-14.281366729916668,-19.34110107,-7.404577637,0.03632481895833333,-0.8346118926666667,0.000105074,7.859100000000001e-05,99.97265625
141,2023-10-22,-5.677233123583332,-16.09049072,0.590112305,-9.573317592041667,-17.89887085,-4.786322021,0.018758773833333332,-0.790664633125,0.0106067,0.009473800000000001,99.97265625
142,2023-10-23,-9.826206589291667,-16.82033386,-0.425115967,-12.420218531541666,-18.86980286,-5.38046875,0.07412783299999999,-1.0802775225416668,0.0007245299999999999,0.00064346,99.97265625
143,2023-10-24,-9.932193500833334,-19.48451843,0.143319702,-13.15524075825,-22.25406494,-6.477941895,0.044252395624999996,-1.025909702,0.000256694,0.000170384,99.97265625
144,2023-10-25,-8.389094416625001,-21.10428467,0.315332031,-14.08375269525,-24.06766357,-7.127462769,0.04950078329166666,-0.9971600772083332,7.4645e-05,6.5244e-05,99.97265625
145,2023-10-26,-5.173008982625,-10.77791443,1.818566895,-14.182269795708335,-20.79183044,-7.293508911,0.08305676783333334,-0.9234625101666666,1.3511999999999999e-05,2.36e-06,99.97265625
146,2023-10-27,-4.033072535208333,-8.690084839,3.180291748,-13.836652501375,-18.96611633,-7.468984985,0.05644226075,-0.8585824172083334,8.154e-06,0.0,99.97265625
147,2023-10-28,-4.64608167025,-9.78230896,2.952615356,-12.97979011525,-18.65701904,-7.937185669,0.051173528125,-0.9254297017916667,1.72e-06,0.0,99.97265625
148,2023-10-29,-3.7307844798333334,-8.854620361,3.470925903,-11.8588985445,-19.00697937,-6.70039978,0.037274678458333335,-0.9050834178333332,1.575e-05,0.0,93.92692057416667
149,2023-10-30,-3.1392298380416666,-8.817648315,4.507623291,-10.612769189916667,-17.4687561,-4.922750854,0.061981201125,-0.8372603258333333,1.885e-05,0.0,77.96411133125001
150,2023-10-31,-1.901555125,-7.315176392,4.561334229,-10.807276789083334,-16.97575989,-7.053869629,0.11919403070833334,-0.6702843164166667,0.00197093,3.5516000000000004e-05,61.49129232041667
151,2023-11-01,-2.446435674,-8.739416504,2.460916138,-5.86480306025,-13.22145691,-1.273825073,0.049025217708333325,-0.4689809481666667,0.018372113,0.010436299999999999,52.10750325833333
152,2023-11-02,-4.29797464975,-10.87273254,1.992456055,-8.614203516625,-15.72807922,-3.468435669,-0.10401459525,-0.7426534096666667,0.035192199,0.026403857,51.676920575
153,2023-11-03,-6.176493072833334,-12.06918945,1.547463989,-15.490409597916667,-22.0701355,-11.1903595,-0.05143992104166667,-0.8373367785833333,0.001922935,0.001383658,47.078369143749995
154,2023-11-04,-5.948941930125,-11.46288147,1.895684814,-16.882664744166664,-24.73418274,-11.04517212,0.015774408958333333,-0.7925930818749999,3.1802e-05,0.0,42.534667971666664
155,2023-11-05,-5.5142654418333334,-11.61920776,2.781503296,-15.990368270833335,-24.31706848,-10.28803101,0.035668690999999995,-0.8326066335416668,1.5441e-05,0.0,38.84114583541666
156,2023-11-06,-4.1790813445833335,-9.866262817,2.953530884,-15.324220403333333,-22.46480408,-10.98280945,0.0254007975,-0.72487791375,7.702e-06,0.0,35.67862956
157,2023-11-07,-3.5990648905,-9.104788208,2.758706665,-12.296774292,-19.13825073,-9.331747437,-0.020280838,-0.6994940440416667,0.001004532,8.157e-05,33.452880861666664
158,2023-11-08,-2.488804245,-8.324377441,2.565545654,-9.239129765458333,-15.33254089,-7.249868774,-0.003679911291666664,-0.5487772624166667,0.003483347,0.0025962150000000002,32.383219403333335
159,2023-11-09,-3.617014312708333,-4.99967041,-1.700170898,-5.656898244291667,-7.932684326,-3.476766968,-0.028915405249999998,-0.27812321979166665,0.214491546,0.213621313,75.92366536583333
160,2023-11-10,-7.183126194958334,-13.20543518,-1.746694946,-12.049157206291667,-24.73750916,-5.768392944,0.074846983,-0.8520714044583334,0.034725543,0.034629136,99.97265625
161,2023-11-11,-10.049077097083334,-12.61942139,-5.257650757,-20.723798497083333,-26.80316772,-11.97518005,0.03229554491666667,-1.121162970875,0.000570541,0.000529,99.97265625
162,2023-11-12,-10.020353698791666,-12.8949646,-4.818151855,-20.009024047916665,-26.00758972,-11.85870972,0.068426489875,-1.06778093175,3.01e-06,0.0,99.97265625
163,2023-11-13,-10.318019612666667,-13.21077576,-4.800405884,-19.227062606249998,-24.87244263,-11.94669189,0.07468605054166667,-1.0250150760416668,1.7088e-05,0.0,99.97265625
164,2023-11-14,-12.063377126416666,-16.25670471,-5.933294678,-19.875378672500002,-25.38077393,-12.54305115,0.046325683666666666,-1.1160882315416667,1.73e-06,0.0,99.97265625
165,2023-11-15,-13.268317922125,-17.19840088,-7.825979614,-24.350803757083337,-29.63519897,-15.27942505,0.036873221375,-1.167280912375,3.432e-06,0.0,99.97265625
166,2023-11-16,-10.42457428025,-14.07202759,-5.0590271,-22.938424809166666,-30.73303833,-12.07066956,0.055667877124999994,-1.0900217691666667,1.5487999999999998e-05,0.0,99.97265625
167,2023-11-17,-8.087705993833334,-12.64642944,-4.316488647,-19.895063147083334,-29.62103882,-10.86653748,0.057961781750000003,-1.0326010387083333,2.5657999999999997e-05,0.0,99.97265625
168,2023-11-18,-4.4179602305416665,-8.323675537,-0.512762451,-12.787941360666666,-21.27028503,-6.686148071,0.03262011208333333,-0.8455067078333333,0.0009564549999999999,0.000915629,99.97265625
169,2023-11-19,-4.362636947541667,-10.03719177,0.307015991,-9.222245915291667,-13.63150635,-4.329138184,-0.05507385741666667,-0.7871017455000001,0.0009086400000000001,0.00082684,99.97265625
170,2023-11-20,-10.30141232775,-14.47952881,-3.693914795,-13.8357573185,-20.59450378,-8.3034729,0.02585728966666667,-1.0586518049166667,6.7943e-05,4.8876e-05,99.97265625
171,2023-11-21,-8.838789367666667,-12.89984741,-2.693823242,-17.689742152083333,-23.25801697,-11.76630249,0.04344195404166667,-1.01730966575,8.315000000000001e-06,8.16e-07,99.97265625
172,2023-11-22,-6.864727401916666,-11.31436768,-0.770239258,-17.194441859583332,-24.42062988,-11.05240479,0.06611581641666667,-0.9168612162083334,1.4147e-05,0.0,99.97265625
173,2023-11-23,-8.783750915416666,-19.40923157,-3.510946655,-13.804170989541667,-21.533255,-7.549841309,0.07601420083333334,-0.7806911468750001,0.040825993,0.040739986,99.97265625
174,2023-11-24,-13.401930237416666,-21.00314941,-5.027975464,-17.723623656666668,-23.86414185,-11.98743286,0.046338319833333336,-1.0782693227916667,0.003153772,0.0031097300000000002,99.97265625
175,2023-11-25,-8.064454142083333,-16.31596985,-2.288778687,-14.825767898916666,-21.09839478,-9.462454224,-0.05449549354166667,-0.9508653879166666,1.1856e-05,8.380000000000001e-06,99.97265625
176,2023-11-26,-4.119432195083333,-8.648275757,-0.027731323,-10.930901591500001,-15.9512085,-7.409475708,-0.156701485375,-0.8219581445416666,0.001869029,0.001804688,99.97265625
177,2023-11-27,-5.3410622908333325,-13.96622314,-0.556768799,-9.175522232291668,-15.48840942,-6.223242187,-0.014403025333333335,-0.7454868952083333,0.00800851,0.00787791,99.97265625
178,2023-11-28,-9.83625958725,-16.61246338,-2.131109619,-12.535647456166666,-18.4655365,-7.937109375,0.06594467166666666,-0.8780339558333333,0.00258805,0.00149816,99.97265625
179,2023-11-29,-7.755249404958334,-16.7218689,-2.192312622,-11.368421299875001,-18.54006042,-8.04074707,-0.02957280475,-0.7561605375,0.007967154,0.007383534,99.66398112166667
180,2023-11-30,-6.21829706825,-8.659078979,-3.536291504,-9.025724157083333,-11.21103516,-7.338201904,-0.10488446558333332,-0.5189919075,0.084472118,0.084357817,99.97265625
181,2023-12-01,-9.981693013208334,-17.55594482,-3.999441528,-12.698229853,-20.58608093,-8.883551025,0.004030227666666666,-0.8355064789166667,0.007018085,0.007004917,99.97265625
182,2023-12-02,-13.774412536291665,-22.11855164,-8.18793335,-19.5868197125,-24.96517029,-14.60251465,-0.02080281583333333,-1.0322478214166668,0.000133665,0.000132214,99.97265625
183,2023-12-03,-10.0772143045,-14.11562195,-5.044607544,-16.88179435875,-21.78652039,-12.74632874,-0.058548609333333335,-0.9241935015,0.00057973,0.0005805200000000001,99.97265625
184,2023-12-04,-13.302044931666666,-16.18092957,-9.105810547,-20.573934937083333,-27.21190491,-14.70085754,-0.003686904916666667,-1.1673736175,3.02e-05,3.03e-05,99.97265625
185,2023-12-05,-13.355600738625,-16.64609375,-8.759420776,-24.051988347916666,-29.49793091,-15.83484497,0.017906188791666666,-1.1935812632083334,3.915e-06,0.0,99.97265625
186,2023-12-06,-12.484829330791667,-14.93114319,-7.487219238,-23.257806523750002,-29.46985474,-14.46552124,0.07537078870833333,-1.1281293234583334,4.35e-07,0.0,99.97265625
187,2023-12-07,-12.345768990916667,-15.37543335,-7.92835083,-23.99812418625,-29.57448425,-15.08762207,0.09853680925000001,-1.0632915496666666,0.0,0.0,99.97265625
188,2023-12-08,-10.436293665500001,-14.57999268,-5.082525635,-20.872504297916667,-28.47077026,-13.1857666,0.10863240558333333,-0.8812268574166667,3.8222e-05,1.6766000000000002e-05,99.97265625
189,2023-12-09,-12.672311528666667,-16.02817383,-6.556188965,-19.362661107083333,-23.84697571,-12.89005127,0.10364405316666668,-0.9664856592083333,3.33e-06,1.61e-06,99.97265625
190,2023-12-10,-14.141224924583334,-17.62039795,-8.297109985,-21.879846318333335,-27.72791138,-14.76561584,-0.01934985491666667,-1.1021561225416667,3.5196e-05,0.0,99.97265625
191,2023-12-11,-12.4934683485,-17.47548523,-7.065298462,-21.611176554166665,-29.6297821,-13.79862061,0.115633010875,-0.8940757115416668,0.002499388,0.002459797,99.97265625
192,2023-12-12,-13.309062704458334,-17.00115051,-6.527990723,-19.3489529925,-23.89014282,-13.78490295,0.18760871891666667,-0.8350321451666667,0.00079339,0.00076367,99.97265625
193,2023-12-13,-13.146049246083335,-17.30802002,-7.155493164,-20.182560985,-25.62174072,-14.35600891,0.15745226541666665,-0.9055442810000001,3.05305e-05,1.66414e-05,99.97265625
194,2023-12-14,-11.59259961475,-16.05467834,-5.437033081,-17.708207830416665,-23.89468994,-12.19467773,0.05675697329166667,-0.9088649750416667,4.156e-06,7.26e-07,99.97265625
195,2023-12-15,-9.272905730666666,-13.6101593,-4.215734863,-14.961129887916668,-20.448172,-10.10846558,0.088093441625,-0.6944236357500001,0.004976205,0.004944941,99.97265625
196,2023-12-16,-8.775178018916668,-13.02713623,-5.714071655,-11.559285862291667,-14.83431091,-9.404714966,0.003258903916666667,-0.5180026292500001,0.078682585,0.078492638,99.97265625
197,2023-12-17,-12.786875788291667,-17.64301147,-7.348547363,-16.095330937083332,-20.51196899,-12.49663391,0.025192188083333334,-0.814173897125,0.008819488,0.008684309000000001,99.97265625
198,2023-12-18,-15.177275086666667,-19.70482483,-10.17659607,-22.365785344166667,-27.52524414,-17.41780701,-0.05791091929166667,-1.1183474062916667,0.00025604400000000003,0.000223353,99.97265625
199,2023-12-19,-13.275834147,-17.85314026,-8.401159668,-24.190631612916665,-29.39461365,-17.73244324,0.026337703166666667,-1.0896288157083334,3.97e-06,1.39e-06,99.97265625
200,2023-12-20,-10.40807635025,-13.7250885,-5.289297485,-21.017628732916666,-25.69322815,-14.74068298,0.026219089833333334,-1.0547643503333333,6.816e-06,0.0,99.97265625
201,2023-12-21,-11.356147511624998,-14.0539917,-5.928564453,-21.94270362875,-26.94266357,-13.92842712,0.005675395375,-1.1549739837083333,4.26e-07,0.0,99.97265625
202,2023-12-22,-8.338923517708333,-13.64794006,-4.517126465,-18.271471405,-28.51746216,-12.29328003,0.003816587375000001,-0.9144910175416667,0.008741808,0.008700658,99.97265625
203,2023-12-23,-7.361110433083333,-11.00461426,-3.634024048,-10.448978805791667,-14.48181763,-7.443579102,-0.055225372249999995,-0.7050412496249999,0.030315879,0.030251862,99.97265625
204,2023-12-24,-8.428216680124999,-12.20024719,-4.75244751,-11.554913584583334,-15.97545471,-7.588659668,-0.11075464883333334,-0.8257564702916667,0.035408172,0.035354163,99.97265625
205,2023-12-25,-10.742149098916668,-12.7997345,-6.869619751,-15.82010497875,-21.44798889,-10.65086975,-0.0014944474166666665,-1.044118404375,0.002231462,0.002208695,99.97265625
206,2023-12-26,-9.589551035625,-12.33209839,-4.591162109,-18.225410207083332,-22.46188965,-12.91493835,0.04416652633333334,-0.9188412030833333,3.7732e-05,7.86e-07,99.97265625
207,2023-12-27,-12.0532917025,-17.83722534,-6.134085083,-16.723441822083334,-22.61362305,-11.24078979,0.020161827416666667,-1.10151036575,4.6794e-05,3.2213e-05,99.97265625
208,2023-12-28,-13.577670160333334,-19.26801147,-7.698461914,-21.06822815,-26.71265259,-13.41371765,-0.011613885583333332,-1.1385122935416667,5.13e-06,3.41e-06,99.97265625
209,2023-12-29,-10.318537140583333,-14.32085266,-5.655432129,-21.30955416375,-27.78183594,-14.11784973,0.07732200625,-0.899570465,1.689e-06,8.16e-07,99.97265625
210,2023-12-30,-9.949520492458333,-13.64717712,-4.87795105,-16.426773452083335,-23.34047546,-11.82880249,0.010344187458333334,-0.8223482767083333,0.001159462,0.001081132,99.97265625
211,2023-12-31,-12.457627996083334,-16.27261963,-7.163183594,-16.99790674875,-22.52416077,-12.04779663,-0.028746287041666665,-0.9578186670416667,0.00010879,7.6624e-05,99.97265625
212,2024-01-01,-14.063984299041666,-18.10079041,-7.513113403,-20.972823842083333,-27.2518219,-14.77713623,0.011579533500000001,-1.043655713375,1.241e-05,4.62e-07,99.97265625
213,2024-01-02,-14.050765100791667,-18.41132202,-7.742910767,-23.493917846666665,-30.06830444,-15.85013428,0.03664016725,-1.004720012375,3.9592e-05,0.0,99.97265625
214,2024-01-03,-12.029250844166667,-15.55908813,-5.996984863,-21.052847925833333,-28.84540405,-13.88233032,0.023692448875000004,-0.8458226521666666,0.000181752,0.00014004000000000002,99.97265625
215,2024-01-04,-11.040022912916667,-15.4191803,-5.891287231,-17.706819280416667,-23.64209595,-13.8546051,-0.032730739333333335,-0.8141958316666668,0.00081332,0.000771865,99.97265625
216,2024-01-05,-10.055265172333334,-15.73686829,-4.848776245,-14.907132849583334,-19.04254761,-11.51178589,-0.05980734020833333,-0.7442007462916668,0.0064177,0.0063787,99.97265625
217,2024-01-06,-13.831983312375,-19.362677,-6.918692017,-17.98823839875,-22.48876038,-13.66425171,0.002290666416666667,-0.9585666258333334,0.000331222,0.00032100200000000003,99.97265625
218,2024-01-07,-11.953650537958334,-15.99295654,-5.404211426,-19.442226792916667,-23.96729126,-12.83890381,0.0064334869166666675,-0.852583487875,7.4700000000000005e-06,1.42e-06,99.97265625
219,2024-01-08,-10.375333531666667,-15.22020569,-4.974371338,-18.0960900625,-24.38973083,-13.920401,0.0033588409583333347,-0.736419836625,0.001704338,0.0016859940000000001,99.97265625
220,2024-01-09,-11.046155039083333,-14.82950439,-4.682867432,-18.507809066666667,-23.10521545,-13.15630188,0.003328957625,-0.8334008852083333,0.00021795499999999998,0.000205,99.97265625
221,2024-01-10,-11.240281805125,-15.504599,-4.475241089,-19.895664595833335,-25.73668518,-14.4572052,-0.06360689800000001,-0.9349601269166667,1.6301e-05,0.0,99.97265625
222,2024-01-11,-9.652614339083334,-15.10440674,-3.014242554,-19.135240300416665,-25.00972595,-13.41477051,0.006949108375,-0.8202580213333333,1.71e-06,0.0,99.97265625
223,2024-01-12,-7.158399327666667,-12.00740662,-2.229788208,-15.400414530833332,-22.73769226,-12.092276,-0.05541356408333333,-0.7257418632916667,0.004358754,0.004324358,99.97265625
224,2024-01-13,-6.326451365291667,-10.90556946,-1.397131348,-10.544725799583334,-13.50700989,-7.976812744,-0.03644496225,-0.5243049860833334,0.001305,0.0012736,99.97265625
225,2024-01-14,-8.786909484666667,-12.59815063,-2.551824951,-15.680682881666668,-20.67354431,-11.37848511,-0.020076751708333333,-0.8737347920833334,3.8707999999999996e-05,2.67e-05,99.97265625
226,2024-01-15,-9.088435871791667,-13.18108215,-2.411001587,-16.884399794583334,-22.08101501,-12.03897705,0.03278831625,-0.8840980529583334,5.1827e-06,4.3349e-06,99.97265625
227,2024-01-16,-9.581505203333334,-13.97312012,-3.562246704,-15.670027796249999,-21.88327637,-11.71929016,-0.039896011291666665,-0.7061531544166667,0.009289152,0.0092481103,99.97265625
228,2024-01-17,-11.622024918041667,-18.75047913,-4.876913452,-16.636752828333332,-21.81862488,-12.22667542,-0.024246613124999997,-0.6886438529166666,0.001323074,0.0012652969999999999,99.97265625
229,2024-01-18,-13.822730127083332,-22.28604736,-5.48543396,-19.894119643333333,-26.23392334,-14.42125549,-0.003643035875,-0.8476263283750001,0.00011401199999999999,0.000105521,99.97265625
230,2024-01-19,-11.153936767458333,-17.69006958,-4.840322876,-21.139540100416667,-26.50005188,-16.94478455,-0.04486497245833334,-0.7379671732083333,3.45e-06,3.02e-06,99.97265625
231,2024-01-20,-10.578333918,-15.96161499,-3.977255249,-18.985474650416666,-24.49307861,-14.26964417,-0.0459791025,-0.7769942680833334,0.0,0.0,99.97265625
232,2024-01-21,-11.339552942625,-17.25629272,-3.494894409,-22.120805486250003,-27.78911438,-16.73230591,-0.03370066479166666,-0.921850403125,0.0,0.0,99.97265625
233,2024-01-22,-10.092340215541666,-15.95493164,-2.815328979,-21.85500501,-30.68465271,-15.9247345,0.025488654708333336,-0.7414241234166666,1.2863999999999999e-05,0.0,99.97265625
234,2024-01-23,-10.188496017166667,-15.58841553,-2.849325562,-20.968347295833333,-27.97717896,-16.0796875,-0.017561515166666663,-0.6995706955,1.5448e-05,0.0,99.97265625
235,2024-01-24,-10.68413709,-16.51752319,-3.55447998,-22.343279902083335,-30.170401,-16.22762146,0.00035822387500000194,-0.6409365335833334,3.7178000000000002e-06,1.9973e-06,99.97265625
236,2024-01-25,-8.5949920655,-13.52791443,-5.574560547,-13.702986780833333,-25.50256958,-10.16245117,-0.1326764425,-0.3316898347083333,0.031732016,0.031660386,99.97265625
237,2024-01-26,-8.424330774666666,-12.21233215,-5.5300354,-11.236427053208333,-16.09647217,-8.132681274,0.15620104483333333,-0.2713972727083333,0.042805832,0.04274338,99.97265625
238,2024-01-27,-8.593261464416667,-12.8006958,-4.850363159,-14.560774867916665,-19.0736908,-11.29422607,-0.18315823879166668,-0.5877155860416666,0.0130492674,0.0129870218,99.97265625
239,2024-01-28,-6.675702158416667,-8.895056152,-5.639990234,-8.147035980208333,-11.27683105,-6.852377319,-0.22552808125,-0.020079294875000004,0.286481185,0.286403663,99.97265625
240,2024-01-29,-7.1038091024583325,-10.15787354,-5.110418701,-8.787876510624999,-12.32037964,-6.782766724,0.0637211005,-0.03002897895833334,0.092606372,0.092495488,99.97265625
241,2024-01-30,-8.91454226075,-10.60927429,-6.725195312,-10.732766215375,-13.31859436,-8.625570679,0.10273934295833333,-0.12292734379166666,0.048553268,0.04851419,99.97265625
242,2024-01-31,-10.626584752166666,-14.27852478,-8.114767456,-13.197481535833333,-18.27004089,-10.17374268,0.08873875933333335,-0.04304440812500001,0.037675903,0.037236089,99.97265625
243,2024-02-01,-15.065417989166667,-19.46387329,-10.55638733,-19.729380671666668,-24.42453613,-17.1542572,0.07747991870833333,-0.6797895034166667,0.0034160550000000003,0.003363772,99.97265625
244,2024-02-02,-15.939580026249999,-20.05272522,-12.13181152,-26.809788130833336,-28.76828613,-21.65790405,-0.02651866275,-0.86538636675,0.002567849,0.002546369,99.97265625
245,2024-02-03,-12.944200260833334,-15.8229126,-11.22002258,-15.839776103333334,-21.02797546,-13.16339722,0.016363143833333333,-0.44143358875,0.148905975,0.148844983,99.97265625
246,2024-02-04,-13.131191634958334,-17.22617187,-9.596868896,-17.107608540833333,-20.978125,-14.28224792,0.010035435333333334,-0.585847854625,0.0867456,0.086680293,99.97265625
247,2024-02-05,-15.237657292916666,-18.02362671,-10.31838074,-22.67069091791667,-24.66036072,-21.34546509,0.021365126,-0.8255062897083333,0.0038272092,0.0037919635,99.97265625
248,2024-02-06,-16.37371927875,-19.5542511,-11.40646973,-23.524909719583334,-25.32935181,-20.96637573,0.017988205958333333,-0.86749259625,4.6384e-05,3.7017e-05,99.97265625
249,2024-02-07,-16.81760571875,-20.11925354,-10.88059082,-24.811942164583332,-27.98262634,-21.93189087,0.012159327916666665,-1.004046440125,0.000104995,7.6744e-05,99.97265625
250,2024-02-08,-16.995727284583335,-21.0441803,-11.07617798,-28.63710759458333,-31.49738159,-25.78806152,-0.13258616141666665,-1.1996397574166666,5.75e-06,3.6e-06,99.97265625
251,2024-02-09,-14.996187591166667,-20.15720215,-8.722937012,-28.731012725416665,-32.42479553,-24.18987122,0.030212402250000003,-1.086494167625,3.468e-06,0.0,99.97265625
252,2024-02-10,-14.821176910458334,-18.16239014,-8.517843628,-28.728392665,-32.68556824,-24.17148438,0.034416198791666665,-1.10298724975,1.5020999999999999e-05,0.0,99.97265625
253,2024-02-11,-14.025609080708334,-18.18024292,-7.665594482,-28.874546432083335,-33.66559448,-23.84638062,0.048217217124999996,-1.0610252222083334,8.58e-07,0.0,99.97265625
254,2024-02-12,-12.2646068575,-16.75289001,-5.985449219,-27.91507568333333,-32.32527771,-23.99281921,0.08109031095833334,-0.9401336112916666,1.0286e-05,0.0,99.97265625
255,2024-02-13,-12.610295359958334,-16.24725952,-6.141699219,-27.90110308375,-31.378302,-24.80527344,0.050224939999999996,-0.9858356317083333,1.71e-06,0.0,99.97265625
256,2024-02-14,-12.154331588749999,-16.95870056,-5.336080933,-26.879983647916664,-31.91119995,-23.19275513,0.0005024273749999996,-1.0684846242083335,7.2950000000000005e-06,0.0,99.97265625
257,2024-02-15,-9.110514068083333,-14.33988037,-2.483999634,-23.9857404075,-30.4606842,-18.73103943,0.09111658733333333,-0.9313659667916667,1.6228e-05,0.0,99.97265625
258,2024-02-16,-7.53462257375,-12.01181641,-1.886312866,-21.558552805416667,-26.38997498,-19.07985535,0.11423722904166667,-0.7209237416666667,6.6422e-05,5.5751e-05,99.97265625
259,2024-02-17,-6.236765289291667,-9.715673828,-3.884344482,-9.919730886125,-19.68631592,-6.895498657,0.042482376041666665,-0.21902557225,0.03640252,0.036343222,99.97265625
260,2024-02-18,-5.764386876416666,-6.798376465,-4.464117432,-6.764343007333333,-7.924703979,-5.586691284,0.08586454383333335,0.42303244254166666,0.349998839,0.349858457,99.97265625
261,2024-02-19,-7.321646118166666,-12.8203186,-5.084616089,-8.526621246875001,-14.35527649,-6.146871948,0.019014517500000005,0.45405232900000003,0.874924255,0.874629103,99.97265625
262,2024-02-20,-12.665243530875001,-16.81635132,-7.522817993,-18.301716868333333,-22.37680664,-14.53658142,0.024417877166666668,-0.711709539125,0.052483625,0.052412676,99.97265625
263,2024-02-21,-13.666928990499999,-17.1464447,-9.20581665,-21.452695591666668,-24.24757996,-19.34412231,-0.017475128166666666,-0.6856891711666666,0.003088882,0.0030213775,99.97265625
264,2024-02-22,-15.108386103333332,-20.78511658,-9.767111206,-20.70211957291667,-25.35730591,-17.46236267,-0.0031280615000000016,-0.8207165003333333,0.0020407,0.0020103,99.97265625
265,2024-02-23,-16.11553293875,-20.94411316,-10.08431091,-24.98288129166667,-27.49146118,-23.13266602,-0.020097096791666668,-0.8867785930416666,9.9265e-05,9.4184e-05,99.97265625
266,2024-02-24,-15.098174159166668,-19.44826355,-10.83830872,-21.453125381666666,-27.34325256,-17.79866638,0.013806018375000001,-0.7649978797083333,0.00759548,0.00755717,99.97265625
267,2024-02-25,-13.494248454333333,-17.68302002,-9.970892334,-19.4723819725,-22.75577393,-17.92635193,-0.06828216716666667,-0.6920300324166666,0.00488569,0.00486315,99.97265625
268,2024-02-26,-11.0357231135,-13.6928009,-9.038900757,-14.401894633749999,-18.60793152,-12.14287415,-0.12095133466666667,-0.5067390203750001,0.065102957,0.065012451,99.97265625
269,2024-02-27,-8.437402470791666,-11.18875732,-6.069937134,-11.126357141625,-14.37831726,-9.051062012,-0.05036715666666666,-0.4153391519583333,0.031934778,0.031884153,99.97265625
270,2024-02-28,-7.970343653625,-10.83322754,-5.390875244,-11.013810857374999,-13.43218079,-9.017584229,-0.16276903958333333,-0.5799566904583333,0.013184339,0.013142327,99.97265625
271,2024-02-29,-7.8888846075,-10.91914978,-6.08812561,-10.355679575625,-14.52452698,-8.641638184,-0.23101679479166667,-0.45748901370833334,0.112305314,0.112249127,99.97265625
272,2024-03-01,-6.375394566833333,-7.764959717,-5.301611328,-7.677263641458333,-9.355749512,-6.48442688,-0.27189509075,0.02134958908333334,0.509536966,0.509430858,99.97265625
273,2024-03-02,-7.3335390726666665,-9.970098877,-5.665731812,-9.986732864291666,-12.94078674,-8.595281982,-0.4065526326666667,0.3336616755,0.919713199,0.91898554,99.97265625
274,2024-03-03,-10.581032182041666,-12.46809998,-9.105963135,-14.512915674583333,-17.04750671,-11.97893372,-0.604293823125,0.062293251291666664,0.194977146,0.194455235,99.97265625
275,2024-03-04,-12.874160512541666,-17.02591553,-9.571356201,-18.968661371666666,-22.62203064,-15.49802246,-0.16305923454166668,-0.49654440083333334,0.016213572,0.016099384,99.97265625
276,2024-03-05,-13.714550399875,-17.73135986,-8.328512573,-23.2853359225,-25.20812073,-21.19493713,-0.035207112625,-0.9073752959583333,0.000338464,0.00031006999999999996,99.97265625
277,2024-03-06,-10.76957804375,-15.68128052,-7.81053772,-16.620147451250002,-25.15166321,-13.08899536,-0.093133927125,-0.70120485625,0.032658078,0.03262989,99.97265625
278,2024-03-07,-8.560629272583332,-10.8618988,-5.594625854,-11.027770105416666,-13.220755,-8.714804077,-0.012915929166666666,-0.33858617133333335,0.049406218,0.049293855,99.97265625
279,2024-03-08,-10.314248148916667,-16.1497406,-5.236837769,-14.190836334166667,-20.49268188,-10.80098572,-0.0128885905,-0.7751059531666668,0.007758119,0.007699254,99.97265625
280,2024-03-09,-10.729469680166666,-16.32735291,-4.490713501,-20.85233472166667,-22.72295227,-17.95155945,-0.078008024375,-0.9556810060833333,0.000240704,0.000236,99.97265625
281,2024-03-10,-7.188084666291666,-12.78330078,-2.151373291,-16.455749893333333,-22.14967957,-11.60016479,-0.09834224695833334,-0.7616553306666667,0.012718925,0.01265624,99.97265625
282,2024-03-11,-6.548279825791667,-9.507757568,-3.42015686,-8.833878580624999,-11.49135437,-6.44914856,-0.10165365524999999,-0.46569887804166665,0.051954339,0.051858101,99.97265625
283,2024-03-12,-7.180040104666666,-12.76651611,-2.503942871,-11.500920359166665,-14.37666931,-9.69196167,-0.06042860954166667,-0.6777998208749999,0.005130043,0.005066523,99.97265625
284,2024-03-13,-7.227026367041667,-13.05789795,-4.870245361,-9.047027334291666,-14.42838135,-6.597891235,-0.0003168980416666615,-0.39479319262499996,0.294909194,0.29480349499999997,99.97265625
285,2024-03-14,-9.172930144958334,-15.98427429,-3.868856812,-14.775239054708335,-20.56018677,-9.917608643,0.10164086020833334,-0.581566055625,0.023740609,0.023699294,99.97265625
286,2024-03-15,-9.367761994166667,-13.7139801,-3.505606079,-25.97993888875,-29.00716248,-21.66542664,-0.008914510333333332,-0.8702327807916667,0.00013297,0.00011,99.97265625
287,2024-03-16,-8.996254984291667,-12.82279053,-2.966818237,-28.278020604166667,-30.72789612,-25.39519348,0.013382673291666668,-0.8993924458749999,3.02e-06,0.0,99.97265625
288,2024-03-17,-8.323564275208334,-13.22754517,-2.615194702,-23.097117487916666,-28.61066284,-20.95845642,-0.033857981291666665,-0.9287960529583333,8.58e-07,0.0,99.97265625
289,2024-03-18,-7.155278269625001,-11.33922424,-0.845022583,-19.561893209166666,-22.01997986,-17.91008606,-0.005373630125000001,-0.918711344375,1.8408e-05,0.0,99.97265625
290,2024-03-19,-5.940065765458333,-11.69878235,0.850091553,-20.06184552625,-22.72559204,-18.31810608,-0.022033055708333332,-0.9966053565416667,3.0435e-05,0.0,99.97265625
291,2024-03-20,-3.0524569193333337,-9.356848145,2.251473999,-17.584223810833333,-23.14923706,-10.19156494,9.286400000000038e-05,-0.7518997589583334,0.0034169145,0.0034084926,99.97265625
292,2024-03-21,-4.301812235583333,-6.265737915,-2.311773682,-6.144458516499999,-10.17877808,-3.221533203,0.008360107708333333,-0.27402551970833333,0.321491999,0.321175172,99.97265625
293,2024-03-22,-4.562694931166667,-13.32205811,-0.737341309,-7.5900424955000005,-14.7379364,-3.896231079,0.20422172549999998,-0.35054198912499995,0.06305661,0.06278463299999999,99.97265625
294,2024-03-23,-5.7780543005833325,-16.325354,-0.264227295,-13.134031041666667,-18.64884033,-10.13425293,-0.157949447625,-0.7121670245416666,0.008492092,0.00839135,99.97265625
295,2024-03-24,-3.9899575552499997,-9.128851318,0.99276123,-10.607682292083334,-13.28221741,-8.812780762,-0.06209007895833333,-0.7900067964583334,0.001011296,0.000994518,99.97265625
296,2024-03-25,-5.669821803125,-13.37262573,1.436380005,-14.155030949999999,-17.71632996,-10.97893372,-0.04538917529166667,-0.9689133962500001,2.87352e-05,3.8588e-06,99.97265625
297,2024-03-26,-1.7899103800416667,-7.453878784,2.677819824,-13.937190119583335,-19.26251831,-10.15456238,-0.09203275037499999,-0.677757620875,0.00698743,0.0064505149999999995,99.97265625
298,2024-03-27,-2.0750691732499997,-4.797216797,1.421426392,-6.321805699541667,-11.92503967,-3.18477478,-0.10973040254166666,-0.5929478009166667,0.065687387,0.06461478,99.97265625
299,2024-03-28,-0.7419888814166667,-3.1265625,1.937677002,-3.5558691660416666,-5.360128784,-2.398031616,-0.059069991041666665,-0.3683128752916667,0.079208255,0.072492854,99.97265625
300,2024-03-29,-1.3395224254166667,-2.814764404,0.600656128,-3.4079898834166666,-4.655203247,-1.743933105,-0.24549380945833332,-0.23942768579166665,0.173364293,0.168549121,99.97265625
301,2024-03-30,-2.2747990925416666,-4.384939575,-0.872290039,-3.83371136975,-6.384375,-2.879476929,-0.11639340716666667,0.2091425260416667,0.432451355,0.429884101,99.97265625
302,2024-03-31,-3.7356437682916663,-8.2465271,-0.050558472,-7.174415969916667,-11.55063477,-5.003851318,-0.05788230895833333,-0.25827407841666666,0.036921394999999996,0.036734442,99.97265625
303,2024-04-01,-5.094262186708334,-8.863150024,-0.38576355,-13.424494171291668,-15.66525879,-9.839254761,-0.11529294654166666,-0.7162657181666666,0.000269704,0.000266,99.97265625
304,2024-04-02,-4.6758757272916665,-8.986776733,-0.368688965,-12.280078633458333,-15.94763794,-7.763357544,-0.056106011125,-0.61458237975,0.01050076,0.010450882,99.97265625
305,2024-04-03,-5.193444315625,-9.942129517,-2.054312134,-6.98954683925,-11.22290649,-4.625891113,0.095885369625,-0.246479551,0.238227583,0.23654496,99.97265625
306,2024-04-04,-5.617158635458334,-11.37488403,-1.471716309,-9.700053913291667,-13.30934753,-6.893484497,-0.10448090241666667,-0.6864213944166666,0.020864637999999998,0.020553347,99.97265625
307,2024-04-05,-7.521513366625,-16.63222351,-0.563452148,-12.032645289000001,-18.60027161,-7.951498413,0.034346262625,-0.939583937375,0.0023577,0.002289,99.97265625
308,2024-04-06,-8.126752598916667,-17.20610657,-0.652883911,-14.617747370750001,-19.3864502,-8.533682251,0.029301961208333335,-0.984374006625,0.000148668,0.000124568,99.97265625
309,2024-04-07,-4.698983891875,-10.83988037,1.917779541,-16.986865742916667,-19.15474548,-14.76567688,-0.11364111133333334,-0.8751044670416667,7.126e-06,2.41e-06,99.97265625
310,2024-04-08,-4.4384292602499995,-9.925772095,2.09017334,-19.636700059166667,-21.61122742,-15.95426025,-0.08818372083333333,-0.905884822125,1.72e-06,0.0,99.97265625
311,2024-04-09,-3.111959838875,-8.44927063,2.905999756,-19.193190639166666,-22.01117554,-15.79250183,-0.00524139391666667,-0.8041241169583334,2.5702e-05,0.0,99.97265625
312,2024-04-10,-2.3530944825,-7.17835083,2.561303711,-11.251444244541666,-19.5552124,-7.099249268,-0.10147539783333333,-0.5905904371666667,0.038657914,0.034979085,99.97265625
313,2024-04-11,-2.977990214125,-8.357763672,1.406610107,-7.287086232541667,-9.679220581,-5.098883057,-0.11303265883333334,-0.5725790659583333,0.010966876,0.00850046,99.97265625
314,2024-04-12,-2.5338901519583334,-7.395925903,-0.185018921,-4.3574101765833335,-9.326971436,-2.701651001,-0.43044026691666665,-0.41354970133333335,0.253258611,0.24475765900000002,99.97265625
315,2024-04-13,-1.9524285634583334,-3.068029785,-1.102331543,-2.7965365092083334,-4.672842407,-1.833242798,-0.36901410416666663,-0.30795605975,0.916742405,0.912831987,99.97265625
316,2024-04-14,-0.9727710722916667,-3.139776611,1.321420288,-2.9200042725,-4.973135376,-1.180227661,-0.313193003375,-0.4093556405416667,0.283173777,0.280433259,99.97265625
317,2024-04-15,-1.4426088969166668,-3.133184814,-0.381216431,-2.272092564833333,-4.245474243,-0.920751953,-0.320950192875,-0.34024798870833334,0.708070448,0.702295866,99.97265625
318,2024-04-16,-1.8981244404583333,-9.408117676,1.940286255,-5.458144887333333,-11.36324158,-2.555807495,-0.14823977158333332,-0.5316200256666667,0.050333017,0.049201027,99.97265625
319,2024-04-17,-2.145735804125,-10.08746948,2.89069519,-8.026870473041667,-11.69824829,-5.089453125,-0.15338134774999998,-0.7510331471249999,0.00412764,0.0037213710000000002,99.97265625
320,2024-04-18,-0.9405775706666667,-3.115194702,0.868066406,-4.030479176958333,-6.836569214,-2.209326172,-0.3107465504583333,-0.45183563237499996,0.069479931,0.068128604,99.97265625
321,2024-04-19,-0.7227933247916667,-2.117514038,0.220361328,-1.9164203644583333,-3.797735596,-0.615454102,-0.43896595641666664,-0.3945406277916667,0.30860079,0.304562795,99.97265625
322,2024-04-20,-0.19925219220833332,-5.517828369,3.168557739,-3.6508907318333335,-6.793783569,-2.184973145,-0.16055742883333332,-0.43030568308333333,0.030701193,0.024283097,99.97265625
323,2024-04-21,-1.38505783075,-6.904989624,3.059060669,-5.474011484875,-8.353155518,-2.829672241,-0.14232762516666667,-0.5998371442083333,0.012160004,0.00186587,99.97265625
324,2024-04-22,-1.4200023650833333,-6.949560547,3.532662964,-5.7724702199583335,-8.401739502,-2.931936646,-0.055077243416666664,-0.6276230812083333,0.028817755,0.0148868,99.97265625
325,2024-04-23,-1.8422264099166668,-7.746847534,3.688607788,-5.873542531291666,-9.626531982,-2.452581787,-0.02080345158333333,-0.664261301375,0.005382403,0.00091902,99.97265625
326,2024-04-24,-1.8360485076666668,-7.890646362,4.565362549,-6.533042653458334,-10.20244446,-3.610113525,-0.003203709874999999,-0.6714404026666667,0.001580244,2.4101e-05,99.97265625
327,2024-04-25,0.18776855470833334,-10.33737793,4.797799683,-6.640538279,-12.5569519,-4.210424805,-0.08579583954166668,-0.49251516654166666,0.003849383,0.002156776,99.97265625
328,2024-04-26,0.27718760166666667,-1.402059937,2.784112549,-2.4733006795416665,-5.150366211,-1.096060181,-0.33682088054166665,-0.30528450008333335,0.188207758,0.168161076,99.97265625
329,2024-04-27,-0.8774214426250001,-1.860266113,0.228311157,-1.9203577677499999,-3.672201538,-0.284338379,-0.30224517975000004,-0.04972457883333334,0.425215573,0.422071463,99.97265625
330,2024-04-28,-1.5438128153333333,-2.976400757,0.015649414,-2.878940327958333,-4.400656128,-1.57578125,-0.4467385610416667,0.17813936862500002,0.444581694,0.442180752,99.97265625
331,2024-04-29,-1.9507253010833334,-4.208624268,0.047662354,-4.450701777125,-5.456564331,-3.350286865,-0.36498069770833336,-0.22468376158333334,0.164190712,0.163493071,99.97265625
332,2024-04-30,-2.4194422405416667,-4.585424805,-0.161367798,-6.704510116583333,-9.48531189,-4.67255249,-0.37612406425000006,-0.423713684,0.049970543,0.049558424999999996,99.97265625
333,2024-05-01,-1.0757882435833332,-4.84303894,3.501428223,-10.131490452833333,-12.83461609,-5.89307251,-0.112148920875,-0.6990120808750001,0.002350362,0.002307035,99.97265625
334,2024-05-02,0.08475710541666666,-5.233511353,5.377954102,-12.090623600583333,-14.0232605,-7.805548096,-0.09356053679166666,-0.7049804129583334,1.1935999999999999e-05,0.0,99.97265625
335,2024-05-03,0.10440851845833332,-2.574667358,3.347329712,-5.123880131958333,-14.31508484,-1.547155762,-0.19234466554166665,-0.5435185431666667,0.124943542,0.121876347,99.97265625
336,2024-05-04,0.6425484975833333,-1.578329468,3.005410767,-2.3246114095,-3.887686157,-0.880300903,-0.2455565135,-0.48014640804166664,0.034775654,0.027977638,99.97265625
337,2024-05-05,1.5656785329166667,-4.080160522,5.783502197,-3.30243657425,-5.743933105,-1.017080688,-0.127599716125,-0.7084280649166667,0.001285365,0.000834757,99.97265625
338,2024-05-06,1.3598972320416667,-6.406149292,7.210107422,-2.9267658233333336,-7.666998291,0.69614563,0.00755056,-0.7958254815,0.000131295,1.3893e-05,99.97265625
339,2024-05-07,3.439442571041667,-1.1368927,8.930932617,-7.436730448291667,-10.58331909,-2.374411011,-0.10214996333333333,-0.762880961125,1.971e-05,9.39e-07,99.97265625
340,2024-05-08,4.417281087166667,-0.489859009,10.02271423,-9.408974075541666,-11.75578918,-2.59682312,-0.028158188375,-0.7081284524166667,7.733999999999999e-06,0.0,99.97265625
341,2024-05-09,5.389982478125,0.320626831,10.25397644,-8.063377125958334,-12.16994324,-2.250158691,0.039804458625000004,-0.5842097202916666,1.73e-06,0.0,99.97265625
342,2024-05-10,3.4502152761666665,-0.179785156,7.196389771,-2.1040888467916665,-7.98807373,0.762338257,-0.031094869,-0.5962910650833334,0.040924658,0.0117215025,99.97265625
343,2024-05-11,2.535986836791667,-1.073156738,6.157830811,-0.18976440425,-2.847341919,1.517098999,-0.050792058291666664,-0.30570586516666665,0.136515553,0.07078231,99.97265625
344,2024-05-12,-0.008668645291666666,-6.321478271,2.748574829,-1.8275849660416668,-7.195593262,0.397866821,-0.106699625625,-0.3341967265416667,0.234209307,0.20459298,99.97265625
345,2024-05-13,0.15864079791666666,-7.179418945,5.435205078,-4.510937754375,-9.135839844,-0.254415894,-0.15629831958333332,-0.6738103230416667,0.011094091,0.009740028000000001,99.97265625
346,2024-05-14,2.851166661458333,-2.755010986,8.148171997,-8.430047098625,-10.97484436,-3.506964111,-0.09410985308333332,-0.741445700375,3.76e-06,2.03e-06,99.97265625
347,2024-05-15,4.966114934041666,-1.040487671,10.27652893,-8.432470703416667,-11.83571472,-3.766348267,0.030314127541666666,-0.598555843125,9.448e-06,0.0,99.97265625
348,2024-05-16,5.37653058375,1.461999512,10.05439148,-3.9549640655833334,-8.367056274,-0.922354126,-0.021681459875000003,-0.5998558601666667,3.6400000000000004e-05,0.0,99.97265625
349,2024-05-17,5.512399927791666,1.329644775,9.541696167,-0.9383555095416667,-3.963980103,0.574029541,-0.068880717,-0.5995453197916667,0.001138183,1.8608e-05,99.97265625
350,2024-05-18,4.022039031875,0.753137207,5.850778198,0.2843064625833333,-1.607046509,1.988015747,-0.09163538616666667,-0.6432645717916666,0.078476439,0.00977396,99.97265625
351,2024-05-19,2.873049036625,-3.918081665,8.017739868,0.06094512941666667,-4.783743286,3.037591553,0.04500263566666667,-0.6946704784166666,0.027970152,0.0006193034,99.97265625
352,2024-05-20,3.304107284541667,-3.983251953,7.962731934,0.5751618704166667,-4.781515503,2.729608154,-0.014106114624999999,-0.6540784040833333,0.00573144,0.000490582,99.97265625
353,2024-05-21,4.31662584925,-2.979650879,10.93605957,-0.7124497730416666,-4.811834717,3.068612671,-0.06530570979166667,-0.7156516711666666,0.00084948,4.7675e-05,99.97265625
354,2024-05-22,6.764071400500001,-2.26239624,13.39443359,-3.7611551919583337,-6.223150635,0.937905884,0.013047536208333335,-0.5894238550833334,0.00026694,7.75e-07,99.97265625
355,2024-05-23,7.417717234041667,2.144998169,12.8802887,-2.26206817625,-6.486624146,0.657937622,0.20593897508333334,-0.38477385045833334,0.0025467800000000002,0.0,99.97265625
356,2024-05-24,6.3638772325833335,0.195779419,11.47811279,0.08656082154166665,-3.192190552,2.202386475,0.12734222420833333,-0.40691057841666667,0.012075510000000001,0.0,99.97265625
357,2024-05-25,5.791912333125,-4.359457397,12.07746277,-0.16069831854166672,-5.278540039,3.076486206,0.012079239083333334,-0.6270249684583333,0.01012998,1.3962e-06,99.97265625
358,2024-05-26,6.691704050125,-4.738912964,13.79613647,-1.8479923247916668,-5.889105225,1.405725098,-0.042037328124999995,-0.6438649495000001,0.0030590699999999997,1.1433e-05,99.97265625
359,2024-05-27,8.372842406916666,0.534890747,14.41538391,-4.7016764323333335,-7.120458984,0.581399536,0.04648462929166667,-0.36301195616666665,0.0016798199999999998,4.62e-07,99.97265625
360,2024-05-28,8.533329264583333,1.860528564,13.8283783,-5.411653264333334,-7.53508606,-0.394812012,-0.15337705608333332,-0.6088231403750001,0.00188832,0.0,99.97265625
361,2024-05-29,7.792854563750001,1.731469727,12.52292786,-3.4906537374166664,-5.91335144,0.488641357,-0.13728713991666666,-0.29078102116666665,0.00895416,0.0,99.97265625
362,2024-05-30,6.553973770125,1.522409058,11.08010254,0.8110131581250001,-3.588796997,4.654473877,-0.13061777754166667,-0.27159980929166666,0.073271016,0.00104,99.97265625
363,2024-05-31,5.549698765833333,0.442758179,10.12844238,0.5006487528333333,-1.816748047,2.574746704,-0.26578203841666664,-0.47338263195833336,0.061698296,0.0008734000000000001,99.97265625
364,2024-06-01,7.269546763249999,0.279992676,11.7875,-2.647315088916667,-4.616842651,0.712319946,-0.18409156795833334,-0.30815156312499997,0.015718902,5.56e-05,99.97265625
365,2024-06-02,8.340947723125,2.249246216,13.84945068,-0.4119533538333333,-4.675222778,3.252984619,-0.066490809125,-0.11119461058333334,0.00667122,0.0,99.97265625
366,2024-06-03,8.938745117208333,2.957254028,14.71250305,1.4263664246249999,-1.969625854,4.662728882,-0.033318837458333334,-0.10772260029166665,0.021508228,0.0,99.97265625
367,2024-06-04,8.097929891041668,3.00977478,12.87424622,1.595850880875,-0.498693848,4.559274292,0.20061278345833333,-0.049281438208333334,0.055883244,4.992e-07,99.97265625
368,2024-06-05,5.684678649916666,0.411752319,9.099465942,3.108154551125,-0.056784058,6.802423096,-0.18330168729166665,-0.011170069374999994,0.084130339,0.000112531,99.97265625
369,2024-06-06,4.409065500916667,-0.826055908,8.519662476,2.8923488618333333,-1.231436157,6.608285522,-0.12216846149999999,-0.087221145625,0.134424663,0.010283373,99.97265625
370,2024-06-07,3.1911362966666665,-1.280706787,7.008920288,0.8892843882916667,-2.347113037,3.386651611,-0.10295613599999999,-0.342076023375,0.230629888,0.136063234,99.97265625
371,2024-06-08,4.084487533541667,-3.18843689,9.073739624,0.48311704,-3.564932251,2.505395508,-0.20037142424999999,-0.25622049966666666,0.061410881,0.007331763200000001,99.97265625
372,2024-06-09,5.442244465958333,-4.154714966,10.67543945,0.26920407608333335,-4.738409424,2.424630737,-0.18887201945833332,-0.5129264195416666,0.040723255,5.3773e-05,99.97265625
373,2024-06-10,7.943331654875,0.752603149,12.56958923,-1.24206136075,-2.944265747,1.001657104,-0.14307276408333333,-0.4186685084583333,0.021238725,1.83e-06,99.97265625
374,2024-06-11,8.4319918315,1.841119385,13.60436401,1.1494734446666668,-1.512854004,2.38704834,-0.09198951724999999,-0.40226058170833334,0.021545222,0.0,99.97265625
375,2024-06-12,8.7264654795,2.511514282,13.96219788,3.3543443042916667,-0.490103149,5.800622559,0.003402709916666665,-0.2689188719166667,0.044634036,0.0,99.97265625
376,2024-06-13,9.028872426083334,3.426919556,14.0158783,3.8364603677916667,1.763375854,6.494821167,0.006296157791666666,-0.13526121775,0.053193819,0.0,99.97265625
377,2024-06-14,8.681313450500001,3.027810669,13.82796631,4.1519797008333335,1.294458008,6.204736328,-0.007605870583333331,-0.18682301045833336,0.09005911600000001,0.0,99.97265625
378,2024-06-15,9.734241104583333,3.320336914,14.25447998,4.340248998,1.288171387,6.637490845,0.012982050541666667,-0.11300468445833334,0.030824786,0.0,85.56380208541667
379,2024-06-16,11.413760122041666,4.233392334,16.64623413,3.044505691541667,0.364633179,5.053857422,-0.02712504070833333,-0.05189522116666667,0.030530515,0.0,59.04801432583333
380,2024-06-17,11.526293055583333,6.389169312,15.98975525,5.560933049583333,1.619927979,7.932489014,0.15720729029166666,0.05578549716666666,0.025148645,0.0,42.619628909166664
381,2024-06-18,9.336304601708333,1.209909058,14.8948761,5.884025827875,0.9878479,10.05370483,0.024047017125,-0.03373908991666668,0.140166377,3.417e-06,34.983398439999995
382,2024-06-19,8.978623962624999,0.306344604,14.59073792,5.511110560166667,0.069696045,7.611154175,-0.0535062155,-0.11293029779166668,0.066253272,2.4743e-05,31.622151696666666
383,2024-06-20,8.653848266541667,1.465890503,13.38125,5.0236386617083335,1.31383667,7.197412109,0.15977732333333333,0.04991976429166667,0.120849425,3.1034e-05,30.26407877875
384,2024-06-21,8.297445552041667,4.008630371,11.65194092,6.317381795208333,3.636590576,9.124932861,-0.05004966266666667,0.11319224041666666,0.102238262,1.3e-06,29.754313152916666
385,2024-06-22,8.821877416208332,2.371682739,13.32332764,6.373064931166667,2.02350769,8.675057983,-0.10896122454166667,-0.00015513095833333732,0.096673135,8.141e-06,29.554280600416664
386,2024-06-23,10.010091400166667,5.275262451,14.2427002,5.9817456563333335,3.977441406,8.93366394,-0.07869784029166667,-0.118742624875,0.095552439,3.54e-07,27.101806643333333
387,2024-06-24,10.340449904791667,3.485696411,14.79631958,7.229868825166666,2.937387085,10.41587219,0.007387797124999999,-0.18096148954166666,0.060394096,0.0,17.0136718775
388,2024-06-25,10.974778748624999,5.85604248,15.70237122,6.9374716440416675,4.959588623,9.363198853,-0.03993797295833333,-0.09099753695833333,0.052922283,0.0,8.812174480416667
389,2024-06-26,11.858308410541667,4.799813843,16.31376038,7.241164779166667,4.264855957,10.91903076,0.057493210083333336,-0.07769258820833334,0.056351477,0.0,4.24560546875
390,2024-06-27,12.287347412583335,6.759255981,16.80196533,7.573157882708333,5.595437622,8.845742798,0.28950564070833334,-0.06035804754166666,0.025604109,0.0,1.9208170572916667
391,2024-06-28,13.414807256041668,5.51986084,18.92342529,7.410436248833334,5.05413208,9.879724121,0.07060496000000001,-0.19004984695833335,0.03167533,0.0,0.7596028645833334
392,2024-06-29,13.616752243291666,8.734658813,17.59934387,9.761791483333333,6.397805786,11.74794922,0.13359324141666667,0.075796326,0.05904778,0.0,0.2652180989583333
393,2024-06-30,14.340824381458333,7.326333618,20.7073761,8.992377853416667,6.93706665,12.1463562,0.23973846445833336,0.017522454333333323,0.014815986,0.0,0.08048502604166667
394,2024-07-01,14.942716217333334,6.654077148,20.63636169,8.577977752958333,5.912591553,11.71862183,0.3206564585416667,0.22891251245833333,0.006269603,0.0,0.021321614583333332
395,2024-07-02,15.080515797750001,8.812982178,19.95697937,7.864158884791666,5.857705688,9.325997925,0.32445844016666664,0.25952986866666666,0.002404193,0.0,0.006266276041666667
396,2024-07-03,15.770146941833334,8.371026611,20.69916687,9.578964487833334,5.993722534,12.15792236,0.2758255005,0.35073216754166664,0.00433378,0.0,0.0021158854166666665
397,2024-07-04,15.277408218333335,11.27323303,20.31383667,11.471116002416666,9.418191528,12.64283142,0.441994349125,0.35054715475000003,0.044775052,0.0,0.0
398,2024-07-05,13.950413006041666,7.636300659,18.75196228,8.368979390583332,4.87456665,11.26099548,0.3683535258333333,0.3219948212083333,0.024740076,0.0,0.0
399,2024-07-06,11.735398865166667,7.415353394,16.37224731,5.797507222541667,2.583398438,8.157495117,-0.05872344966666667,0.13099304833333333,0.043155743999999996,0.0,0.0
400,2024-07-07,10.295597966875,5.463891602,15.10994873,8.193935648458334,5.180993652,11.76615295,-0.06498253341666667,0.21550011641666666,0.085425073,7.63e-06,0.031575520833333336
401,2024-07-08,10.736777878458334,4.966714478,15.00924072,7.446576690791667,4.77578125,10.40799866,0.049163182625,0.13530643775,0.043682058,0.0,0.007242838541666667
402,2024-07-09,11.919026310708333,4.520516968,16.69994507,6.496120071375,4.304772949,8.218515015,0.05929374695833333,-0.069010694875,0.052507961,0.0,0.0011393229166666667
403,2024-07-10,11.724455769291666,5.199609375,16.40627441,8.441739019208333,5.081124878,12.04813538,0.098615010625,0.05006933208333331,0.089922497,0.0,0.0
404,2024-07-11,11.109056726916668,3.938745117,16.093927,8.4445542655,3.716378784,12.0213562,0.022812803583333336,-0.09246412904166668,0.077415099,0.0,0.0
405,2024-07-12,11.24474105775,3.274346924,17.03191528,7.35024986275,3.040750122,9.709085083,0.07859166458333333,0.060241460749999996,0.056640309,1.1318e-05,0.001220703125
406,2024-07-13,10.745043691083334,6.832727051,14.41425476,8.036562220291666,5.654641724,11.48755798,-0.04716364545833333,0.274672309625,0.07136011,4.92e-07,0.0
407,2024-07-14,10.514447148,7.31484375,14.11860046,7.5167315165833335,5.512033081,10.18685303,0.007958094333333334,0.186604976625,0.123858498,0.0,0.0
408,2024-07-15,11.283924992833333,7.305474854,15.75266418,8.282009378666666,5.385400391,12.04250488,0.026004791249999996,0.17974583304166666,0.122095203,0.0,0.0
409,2024-07-16,12.379479981208334,7.411447144,16.41370544,7.580602900291666,6.168786621,9.922799683,0.19705452558333333,0.168090581875,0.061227034,0.0,0.0
410,2024-07-17,12.729854838166666,7.831842041,16.60202942,9.196430460625,5.929833984,13.22942505,0.13340632125,0.23688594500000001,0.080928579,0.0,0.0
411,2024-07-18,11.810836409791667,6.352944946,16.22649536,9.628013865416667,6.168817139,12.89495239,-0.003036499041666666,0.23081680133333335,0.10543419700000001,0.0,0.0
412,2024-07-19,12.182494099833333,6.416818237,16.02353821,8.224087015833334,6.150018311,9.271401978,0.16338411975,0.26582964258333336,0.06283606,0.0,0.0
413,2024-07-20,12.935660934041666,8.661126709,17.64376221,9.763198471208334,6.524316406,13.68444214,0.04292869566666666,0.055386980416666676,0.09668187,0.0,0.0
414,2024-07-21,13.143655394249999,7.816644287,18.61737976,10.285335158791666,7.457574463,12.43876038,0.13038698837499998,0.04024012879166667,0.094861171,0.0,0.0
415,2024-07-22,14.719595845666667,7.017037964,19.19455872,8.280669148708332,6.688912964,9.34621582,0.022654851249999997,-0.10499763479166668,0.0730489,0.0,0.0
416,2024-07-23,13.217268244458333,7.092172241,18.08236084,9.862699763250001,6.733529663,11.95220337,0.11613655091666668,-0.07799720754166665,0.121921481,0.0,0.0
417,2024-07-24,12.462190246625,6.741494751,18.02993164,9.865658060958333,6.430047607,13.26920471,0.103451410875,-0.07502758500000001,0.119983527,0.0,0.0
418,2024-07-25,13.867550786041667,6.669793701,19.03670654,8.973798369958333,6.348458862,10.45751343,0.06634457904166666,-0.04318177695833333,0.034282871,0.0,0.0
419,2024-07-26,15.572608566541668,8.031533813,21.59105835,9.434733962708334,6.269250488,13.35817871,0.09302457175,0.046413977999999995,0.006961481,0.0,0.0
420,2024-07-27,16.214178340125,7.783914185,22.20305786,11.233743285958333,7.615899658,13.89434204,0.149950663125,0.14269979800000002,0.008957544,0.0,0.0
421,2024-07-28,16.61163800583333,10.69977722,22.35193787,12.391137695833335,10.48262939,14.54261169,0.10092544558333333,0.14363940554166665,0.00536947,0.0,0.0
422,2024-07-29,15.555455144166666,12.11777649,18.37204895,12.654461160833334,11.51557312,13.68285522,-0.011446634999999997,0.03228239220833333,0.08539931,0.0,0.0
423,2024-07-30,14.661482110833333,11.72664795,17.68435059,12.349131520833334,11.45371399,12.99779663,-0.11460049945833334,0.027360240666666664,0.075385305,0.0,0.0
424,2024-07-31,15.178498204583333,11.00629578,19.68293152,12.346530533333334,10.78391418,14.77617798,0.09781328833333332,0.060105641666666654,0.042462511,0.0,0.0
425,2024-08-01,15.432677840833334,10.74305115,19.00663147,12.410061772916668,10.45293579,13.71608887,0.12944793708333333,0.31133015954166665,0.057614858,0.0,0.0
426,2024-08-02,14.622766749166667,12.16617737,17.98795471,12.998541767916668,11.43703613,15.36560974,0.06281598404166668,0.39714940395833337,0.15059115,0.0,0.0
427,2024-08-03,14.697415925,11.40366516,18.62281189,11.828499730416667,10.79430542,14.59829102,0.15608469641666667,0.5058619975416666,0.093773364,0.0,0.0
428,2024-08-04,13.5617112475,10.74645386,16.60695801,10.898214595125,9.908486938,12.71103821,0.08623313912499998,0.124201417,0.189738878,0.0,0.0
429,2024-08-05,14.643549854958332,9.718728638,18.79642639,11.656413014958334,9.525872803,12.82886658,0.22425397233333333,0.31779011087500003,0.033353586000000005,0.0,0.0
430,2024-08-06,14.888746515416665,12.50203857,18.47336731,12.547215397916666,10.33617554,14.64776001,0.32660484316666666,0.528191884375,0.023869361,0.0,0.0
431,2024-08-07,14.416216150833334,11.24282227,18.02634583,10.817157999666668,8.406381226,12.09053955,0.09494272862499999,0.33709589641666665,0.02792426,0.0,0.0
432,2024-08-08,14.959219234166667,10.81360779,19.41381226,10.402183150583333,6.936502075,12.23372803,0.01644833891666667,0.30359399325,0.008683102,0.0,0.0
433,2024-08-09,15.367472584583334,10.96515808,20.1562439,10.959879811374998,8.301171875,12.84435425,0.14448610941666667,0.27621225516666664,0.01013099,0.0,0.0
434,2024-08-10,15.268362934999999,10.88329468,20.48441467,10.574417368666667,6.859689331,12.77811584,0.3057551781666667,0.33294415470833333,0.007514016,0.0,0.0
435,2024-08-11,14.463960901666667,10.59563599,18.53154907,9.637120182541667,5.650872803,11.73702393,0.20632044479166667,0.4524170160416667,0.024119006,0.0,0.0
436,2024-08-12,14.10912984125,10.13178406,19.45357666,9.244005457291667,7.256555176,10.7938324,0.15549786883333333,0.16261672979166666,0.012597506,0.0,0.0
437,2024-08-13,15.65887285875,10.09934387,20.34954224,10.508381143625,7.713616943,12.70116577,0.1713059742916667,0.34266992404166663,0.003638075,0.0,0.0
438,2024-08-14,16.525053278333335,11.21427307,21.05782471,11.732949828499999,8.860360718,13.63688049,0.18455568941666667,0.37148595954166663,0.021259418,0.0,0.0
439,2024-08-15,14.811746217500001,11.2118927,18.9977356,13.005553181666668,11.08791504,15.43874512,-0.008986790958333336,0.20139789575,0.055484475,0.0,0.0
440,2024-08-16,13.786072032166667,9.709664917,18.29338989,11.617789205583334,9.49414978,14.68670044,-0.044086456291666666,0.15300440791666667,0.102398938,0.0,0.0
441,2024-08-17,12.947856521250001,10.15007935,16.48491821,10.824217732125,9.481500244,13.08542786,0.0446949005,0.26412264504166666,0.145903838,0.0,0.0
442,2024-08-18,13.719487761666668,10.76705322,16.95116577,11.211630121583333,9.354852295,13.70202026,0.21616172795833333,0.3640423219166667,0.094201427,0.0,0.0
443,2024-08-19,12.588576253333335,10.05437622,15.76108704,10.295052464791667,8.867944336,12.69858704,0.16921806333333334,0.3249177535,0.028323422,0.0,0.0
444,2024-08-20,11.641285832541667,8.576974487,15.41300354,8.495210902041666,6.495889282,12.0057312,-0.04256288208333333,0.24195532008333334,0.054807715,0.0,0.0
445,2024-08-21,11.033206558083334,7.643106079,14.5339447,8.863083139833334,6.523233032,11.81292114,-0.08974246179166667,0.2886418104583333,0.13316225,0.0,0.0
446,2024-08-22,10.853623962124999,7.317910767,15.25594482,7.2710891721249995,5.080957031,11.55199585,-0.016716678999999998,0.06379516920833334,0.056971568,0.0,0.0
447,2024-08-23,11.449915822,6.580545044,15.32257996,4.772814687166666,3.296548462,5.806268311,-0.020100275625,-0.012449820833333333,0.033975089,0.0,0.0
448,2024-08-24,12.135275776583333,6.728204346,16.19550476,5.720784123750001,3.871575928,6.84961853,0.11275800066666665,0.053200324333333326,0.024565484,0.0,0.0
449,2024-08-25,11.761895752041667,5.956430054,16.42398987,8.534902827458334,4.738595581,12.09746704,0.06432787570833333,-0.09861687825,0.028788334,0.0,0.0
450,2024-08-26,11.475153223791667,4.890313721,15.91628418,8.015556589708334,4.604425049,10.74302063,0.07384362920833333,0.010807156625,0.033837886,0.0,0.0
451,2024-08-27,10.669521585875001,5.794213867,15.33620605,8.266550318333334,5.577416992,14.04538879,0.0014807382500000015,0.17055861158333332,0.051908699,0.0,0.0
452,2024-08-28,10.570746358333333,5.184899902,14.10117493,7.315719858833333,4.914880371,8.357949829,-0.11347071325000001,0.07269732141666667,0.011327726,0.0,0.0
453,2024-08-29,10.809993998041667,7.900720215,14.29805908,8.364133453291666,6.956048584,10.3441864,-0.08048884075,0.2448037465,0.051316927,0.0,0.0
454,2024-08-30,10.262592570458333,8.707955933,11.93119202,7.5257812500000005,6.919534302,8.542214966,-0.4580065409583333,0.04070917375,0.125237475,0.0,0.0
455,2024-08-31,11.031700389000001,8.104364014,14.98795471,8.413292820916666,7.07517395,10.79564819,-0.07124391158333333,-0.20426869387500002,0.173940776,0.0,0.0
456,2024-09-01,11.767032878083334,7.224908447,17.14867554,9.057456588541667,6.979577637,12.91391907,0.04525184633333334,-0.016032536833333333,0.115252247,0.0,0.0
457,2024-09-02,10.818547821041667,6.313729858,15.45765076,8.942941284041666,6.107537842,11.47849426,0.15384038287500001,0.18956947324999998,0.087353193,0.0,0.0
458,2024-09-03,9.878887431375,5.954705811,14.48119507,8.018991724416667,5.630380249,12.55629883,0.006289803500000001,0.022521217749999985,0.068486462,0.0,0.0
459,2024-09-04,10.883246994416666,5.278237915,15.92719421,5.328218714458333,2.307778931,7.447839355,-0.10658570125,-0.23584167154166666,0.023346839,0.0,0.0
460,2024-09-05,12.227674102583334,6.241891479,17.39908752,4.746916707291667,0.865838623,7.423623657,0.007599512749999995,0.10169816012499999,0.00380111,0.0,0.0
461,2024-09-06,10.513212458916668,6.787423706,15.72530518,7.153628921708333,5.363824463,12.148172,0.12358919779166666,0.12177785241666667,0.056320823,0.0,0.0
462,2024-09-07,10.337463633291668,3.424569702,15.66959534,4.948944981875,2.93895874,7.358895874,0.13470323879166665,0.026749292958333327,0.01679115,0.0,0.0
463,2024-09-08,10.475077564791667,2.816522217,15.18981323,4.571689224333333,2.488565063,6.329187012,0.049717235458333335,0.0028949181250000067,0.02021508,1.42e-07,0.0003255208333333333
464,2024-09-09,10.136650339291666,6.029885864,13.93702087,4.463707224458333,2.977090454,5.422601318,0.14047622695833334,0.14787419637500002,0.019699478,0.0,0.0
465,2024-09-10,8.972099558333333,4.602304077,13.16790161,4.735042190624999,2.853356934,7.168847656,0.10047479458333335,0.09987171491666667,0.012960983,0.0,0.0
466,2024-09-11,9.216674422916666,4.119927979,13.71982727,2.9453903198333333,1.302102661,3.650476074,0.031059900875,-0.08053843179166668,0.01400985,0.0,0.0
467,2024-09-12,10.711586889000001,3.992105103,16.39188538,1.898336664875,0.488534546,3.766824341,-0.069006601875,-0.08914776645833333,0.002685,0.0,0.0
468,2024-09-13,10.078417079374999,4.800531006,15.13633118,3.2851145426249997,0.879418945,5.32819519,0.17025756833333336,0.2713446219583333,0.0091492,0.0,0.0
469,2024-09-14,7.519299443416667,3.609872437,11.54262695,5.544675445416666,3.037103271,9.039193726,-0.11689758304166666,0.23179483416666666,0.117575814,0.0002163,0.045166015625
470,2024-09-15,7.491525905,3.0193573,12.03830872,4.1656350453333335,1.784112549,7.3628479,-0.028956731166666666,0.029309391999999993,0.026288752,1.3006e-05,0.023681640625
471,2024-09-16,7.619009272333333,1.611978149,13.05877075,2.6346361796666664,0.808084106,5.488198853,0.013803482,-0.15618872654166668,0.037622452,2.546e-06,0.010335286458333334
472,2024-09-17,6.844599024416667,-0.173071289,11.83016357,3.1473454793333335,-0.640859985,7.134011841,-0.047540028875,-0.164794087375,0.062349382,9.383e-05,0.021891276041666668
473,2024-09-18,8.097629801750001,-1.204611206,14.65862427,1.6754470825833332,-1.940740967,3.374108887,-0.05904070529166666,-0.34486293787500005,0.014453724999999999,2.7056e-05,0.014322916666666666
474,2024-09-19,10.415408706125,3.567910767,15.75383911,1.6268885295416666,0.011087036,3.489511108,-0.011654535958333332,-0.15643171462500002,0.00586492,1.01e-06,0.00439453125
475,2024-09-20,12.154204305291666,4.974176025,18.01914368,1.0862944285,-0.760351562,4.018441772,-0.133176803625,-0.23948188620833333,0.00229372,0.0,0.0006510416666666666
476,2024-09-21,13.219772592833332,6.373269653,19.15340576,1.4322442373333333,-0.518103027,5.083413696,-0.09876441958333333,-0.3062696456666667,0.00082471,0.0,0.0
477,2024-09-22,14.080012893458333,6.942697144,20.9462677,1.1952332815,-2.151159668,4.965402222,-0.06913693758333334,-0.30966178579166664,4.6609999999999996e-05,0.0,0.0
478,2024-09-23,13.384137089458333,4.670419312,21.03417358,3.4048419952083333,-2.298208618,9.051385498,0.05023829154166667,-0.22392598783333337,0.000248635,0.0,0.0
479,2024-09-24,13.899340566041666,6.350473022,21.14083252,2.1042991638333333,-3.480551147,8.100595093,0.0058110555416666645,-0.2646036149166667,3.1505000000000004e-05,0.0,0.0
480,2024-09-25,12.475849406541668,7.036218262,17.76407776,5.623677825916666,-2.619650269,8.845437622,0.22428003945833333,0.18346134820833335,0.003789191,0.0,0.0
481,2024-09-26,9.702698644166666,6.334359741,13.71036682,7.375160471666667,5.537805176,9.279458618,0.2026513210416667,0.04490800708333334,0.122679821,0.0,0.0
482,2024-09-27,6.806660588541667,4.086907959,9.612451172,5.90510711675,3.674066162,7.571389771,0.042284647625000005,0.16846672699999998,0.443925506,0.019847595,3.7892252604166665
483,2024-09-28,6.3992858887083335,2.196313477,10.17752991,2.9320357005416664,1.020959473,3.88024292,-0.04242515558333334,0.149796605,0.059493704,0.00126221,4.174235026041667
484,2024-09-29,6.63267733225,0.981057739,11.32148132,3.0494857788750003,0.119699097,5.654046631,-0.013739267875,-0.20984717195833333,0.0204985215,5.1915e-06,2.1695963541666665
485,2024-09-30,7.554929352125,0.367227173,12.85198364,1.0653269450416667,-0.35652771,3.309442139,-0.01099141441666666,-0.26233712829166667,0.014967507,5.061e-06,1.00634765625
486,2024-10-01,8.219499842333333,2.964471436,13.26027832,0.46519050599999995,-0.965719604,2.393334961,0.0020325979166666646,-0.15407061570833333,0.00929697,2.16e-07,0.43017578125
487,2024-10-02,7.882023112333333,2.441278076,12.83603821,0.18517583220833334,-2.265142822,2.829995728,0.12419509875000001,-0.13379478458333335,0.011497100000000001,0.0,0.17610677083333334
488,2024-10-03,9.015227890541667,2.387521362,15.04989014,-2.3597670237916666,-3.522177124,1.288201904,-0.013860061374999996,-0.21539433795833332,0.0011858,0.0,0.07145182291666667
489,2024-10-04,7.803474680583334,2.795724487,13.86611328,-1.2765652974166668,-4.732321167,1.16817627,0.0564988455,-0.018638610791666666,0.00408263,0.0,0.0283203125
490,2024-10-05,5.913959121583333,1.363687134,11.82026062,1.2675853729583333,-2.66184082,3.080712891,-0.010317921708333332,-0.07554634420833332,0.033394912,0.0,0.011393229166666666
491,2024-10-06,5.4955771127916675,1.138818359,9.932794189,2.7451816558749997,0.056054688,5.676828003,-0.07824524233333334,-0.15843876199999998,0.013700236,0.0,0.005045572916666667
492,2024-10-07,4.8533944448333335,1.492501831,8.626153564,2.5396279653750002,-0.701986694,6.071359253,-0.25824809083333333,0.08390514058333333,0.11572043,0.043630605,8.813802084166666
493,2024-10-08,0.04565455120833336,-9.161520386,4.156503296,-2.256318791625,-10.42453613,1.029290771,-0.128238029,-0.48374017079166665,0.245681702,0.208558501,95.25122070583335
494,2024-10-09,-2.60412190775,-11.17761841,4.76506958,-6.4050640102916665,-12.80658569,-2.524862671,0.006817499874999998,-0.81267146275,0.026018397000000002,0.010767595,87.39697265875002
495,2024-10-10,-1.593673451458333,-11.86456909,5.664239502,-7.554043197958333,-13.35954895,-4.029577637,0.02967834479166667,-0.7769085566666667,0.003521318,8.126100000000001e-05,71.45874023791667
496,2024-10-11,-1.540531539958333,-9.052893066,6.82479248,-6.775191370416667,-11.96054688,-1.965216064,-0.044570922875,-0.8956317901249999,0.0001590232,1.08546e-05,53.88321940375
497,2024-10-12,0.0421621959166667,-10.43196716,8.96227417,-9.651685460083334,-14.58716431,-4.460180664,-0.028795242250000002,-0.7861150105,3.87e-07,3.91e-07,37.421386721249995
498,2024-10-13,2.0173876445,-5.786108398,9.144326782,-7.181637827625,-11.95522156,-5.072561646,0.13918113708333332,-0.537641882875,0.0029323,0.0,23.59545898791667
499,2024-10-14,1.4252716064583335,-4.55838623,7.066125488,-3.951059722875,-7.765707397,-0.340704346,0.06873194375,-0.6298873822500001,0.00843251,0.000542561,13.990397137499999
500,2024-10-15,3.157807286541667,-4.1918396,9.300119019,-4.351998392833333,-6.744314575,-2.945700073,-0.06857490545833334,-0.5705924034583333,0.0022918,3.54e-05,7.8886718756250005
501,2024-10-16,2.4001302084583336,-2.023184204,8.109567261,-1.3001108805416666,-6.395925903,2.220697021,0.09056218458333333,-0.174970189625,0.027880063,0.008440212400000001,6.360758463541667
502,2024-10-17,1.8400754292916666,-2.815512085,6.308404541,-1.3464600880416666,-3.926245117,0.419976807,0.08616259316666668,-0.22724274791666665,0.038580029,0.017940425,10.141520184166668
503,2024-10-18,2.21787923175,-4.244741821,8.326989746,-3.4414028168333335,-5.975912476,-0.637716675,-0.11233647666666667,-0.5330542722916667,0.004979214,0.001193554,8.136149089791667
504,2024-10-19,3.355749384416667,-3.697454834,10.19320068,-5.904211425833334,-8.370901489,-3.243994141,-0.15213902791666667,-0.5722497304166666,0.000251446,1.15e-06,4.284830729166667
505,2024-10-20,3.6935993194166667,-2.520742798,9.916757202,-4.460601552291666,-8.92947998,-2.633856201,0.04674847920833333,-0.29613685608333334,0.00367192,0.0,2.1385904947916665
506,2024-10-21,3.712101237083333,-1.888327026,9.574777222,-3.217974090708333,-5.909185791,-1.304312134,-0.11812527983333333,-0.373651425125,0.0085512,0.0,1.0332845052083333
507,2024-10-22,2.515382385166667,-4.066473389,8.096154785,-2.3582977295416665,-5.696875,-0.610998535,0.04710578920833333,-0.21438022450000002,0.01036159,0.00016101,0.53173828125
508,2024-10-23,0.31561813349999995,-5.058813477,5.442849731,-0.7118216196666666,-5.855673218,4.029367065,0.001728057958333337,-0.22759958112499998,0.056408734,0.027086015,6.6537272141666675
509,2024-10-24,-0.34951502483333324,-6.864859009,5.951119995,-1.9644423166666665,-8.328970337,2.333703613,0.045427958250000004,-0.5062692561250001,0.010771555,0.004633883,9.877034506458333
510,2024-10-25,-7.224661255,-7.224661255,-7.224661255,-8.735220337,-8.735220337,-8.735220337,-0.076797485,-1.251800537,0.000399,0.000131,7.875
